Api Name,Api Type,Api File Path,Api Prefix,Api Params,API Args,Invoke Method,Invoke Location,Api Key,Invoke Instance,ChangeId,MethodDefinition
"MODE_AUTO = -1","API废弃版本变更","harmonyos_api_changes/HarmonyOS_6.0.0(20)_Beta1.json","MODE_AUTO","","import { AbilityConstant, ConfigurationConstant, UIAbility, Want } from '@kit.AbilityKit';","ArkTS","entry\src\main\ets\entryability\EntryAbility.ets:1","MODE_AUTO = -1@entry\src\main\ets\entryability\EntryAbility.ets:1","","6.0.0(20)","MODE_AUTO = -1"
"MODE_AUTO = -1","API废弃版本变更","harmonyos_api_changes/HarmonyOS_6.0.0(20)_Beta1.json","MODE_AUTO","","this.context.getApplicationContext().setColorMode(ConfigurationConstant.ColorMode.COLOR_MODE_NOT_SET);","ArkTS","entry\src\main\ets\entryability\EntryAbility.ets:10","MODE_AUTO = -1@entry\src\main\ets\entryability\EntryAbility.ets:10","this","6.0.0(20)","MODE_AUTO = -1"
"MODE_DARK = 0","API废弃版本变更","harmonyos_api_changes/HarmonyOS_6.0.0(20)_Beta1.json","MODE_DARK","","import { AbilityConstant, ConfigurationConstant, UIAbility, Want } from '@kit.AbilityKit';","ArkTS","entry\src\main\ets\entryability\EntryAbility.ets:1","MODE_DARK = 0@entry\src\main\ets\entryability\EntryAbility.ets:1","","6.0.0(20)","MODE_DARK = 0"
"MODE_DARK = 0","API废弃版本变更","harmonyos_api_changes/HarmonyOS_6.0.0(20)_Beta1.json","MODE_DARK","","this.context.getApplicationContext().setColorMode(ConfigurationConstant.ColorMode.COLOR_MODE_NOT_SET);","ArkTS","entry\src\main\ets\entryability\EntryAbility.ets:10","MODE_DARK = 0@entry\src\main\ets\entryability\EntryAbility.ets:10","this","6.0.0(20)","MODE_DARK = 0"
"MODE_LIGHT = 1","API废弃版本变更","harmonyos_api_changes/HarmonyOS_6.0.0(20)_Beta1.json","MODE_LIGHT","","import { AbilityConstant, ConfigurationConstant, UIAbility, Want } from '@kit.AbilityKit';","ArkTS","entry\src\main\ets\entryability\EntryAbility.ets:1","MODE_LIGHT = 1@entry\src\main\ets\entryability\EntryAbility.ets:1","","6.0.0(20)","MODE_LIGHT = 1"
"MODE_LIGHT = 1","API废弃版本变更","harmonyos_api_changes/HarmonyOS_6.0.0(20)_Beta1.json","MODE_LIGHT","","this.context.getApplicationContext().setColorMode(ConfigurationConstant.ColorMode.COLOR_MODE_NOT_SET);","ArkTS","entry\src\main\ets\entryability\EntryAbility.ets:10","MODE_LIGHT = 1@entry\src\main\ets\entryability\EntryAbility.ets:10","this","6.0.0(20)","MODE_LIGHT = 1"
"backgroundColor(color: Optional<ResourceColor>): ArcDotIndicator","新增API","harmonyos_api_changes/HarmonyOS_5.1.0(18).json","backgroundColor","",".backgroundColor('#FFFFFF')","ArkTS","entry\src\main\ets\pages\Index.ets:222","backgroundColor(color: Optional<ResourceColor>): ArcDotIndicator@entry\src\main\ets\pages\Index.ets:222","","5.1.0(18)","backgroundColor(color: Optional<ResourceColor>): ArcDotIndicator"
"backgroundColor(color: Optional<ResourceColor>): ArcDotIndicator","新增API","harmonyos_api_changes/HarmonyOS_5.1.0(18).json","backgroundColor","",".backgroundColor('#F7F7F7')","ArkTS","entry\src\main\ets\pages\Index.ets:263","backgroundColor(color: Optional<ResourceColor>): ArcDotIndicator@entry\src\main\ets\pages\Index.ets:263","","5.1.0(18)","backgroundColor(color: Optional<ResourceColor>): ArcDotIndicator"
"backgroundColor(color: Optional<ResourceColor>): ArcDotIndicator","新增API","harmonyos_api_changes/HarmonyOS_5.1.0(18).json","backgroundColor","",".backgroundColor('#dbdbdb')","ArkTS","entry\src\main\ets\pages\Index.ets:272","backgroundColor(color: Optional<ResourceColor>): ArcDotIndicator@entry\src\main\ets\pages\Index.ets:272","","5.1.0(18)","backgroundColor(color: Optional<ResourceColor>): ArcDotIndicator"
"backgroundColor(color: Optional<ResourceColor>): ArcDotIndicator","新增API","harmonyos_api_changes/HarmonyOS_5.1.0(18).json","backgroundColor","",".backgroundColor('#dbdbdb')","ArkTS","entry\src\main\ets\pages\Index.ets:279","backgroundColor(color: Optional<ResourceColor>): ArcDotIndicator@entry\src\main\ets\pages\Index.ets:279","","5.1.0(18)","backgroundColor(color: Optional<ResourceColor>): ArcDotIndicator"
"backgroundColor(color: Optional<ResourceColor>): ArcDotIndicator","新增API","harmonyos_api_changes/HarmonyOS_5.1.0(18).json","backgroundColor","",".backgroundColor('#dbdbdb')","ArkTS","entry\src\main\ets\pages\Index.ets:286","backgroundColor(color: Optional<ResourceColor>): ArcDotIndicator@entry\src\main\ets\pages\Index.ets:286","","5.1.0(18)","backgroundColor(color: Optional<ResourceColor>): ArcDotIndicator"
"backgroundColor(color: Optional<ResourceColor>): ArcDotIndicator","新增API","harmonyos_api_changes/HarmonyOS_5.1.0(18).json","backgroundColor","",".backgroundColor('#dbdbdb')","ArkTS","entry\src\main\ets\pages\Index.ets:293","backgroundColor(color: Optional<ResourceColor>): ArcDotIndicator@entry\src\main\ets\pages\Index.ets:293","","5.1.0(18)","backgroundColor(color: Optional<ResourceColor>): ArcDotIndicator"
"backgroundColor(color: Optional<ResourceColor>): ArcDotIndicator","新增API","harmonyos_api_changes/HarmonyOS_5.1.0(18).json","backgroundColor","",".backgroundColor('#dbdbdb')","ArkTS","entry\src\main\ets\pages\Index.ets:302","backgroundColor(color: Optional<ResourceColor>): ArcDotIndicator@entry\src\main\ets\pages\Index.ets:302","","5.1.0(18)","backgroundColor(color: Optional<ResourceColor>): ArcDotIndicator"
"backgroundColor(color: Optional<ResourceColor>): ArcDotIndicator","新增API","harmonyos_api_changes/HarmonyOS_5.1.0(18).json","backgroundColor","",".backgroundColor('#f1f1f1')","ArkTS","entry\src\main\ets\pages\Index.ets:313","backgroundColor(color: Optional<ResourceColor>): ArcDotIndicator@entry\src\main\ets\pages\Index.ets:313","","5.1.0(18)","backgroundColor(color: Optional<ResourceColor>): ArcDotIndicator"
"backgroundColor(color: Optional<ResourceColor>): T","类新增同名方法且参数类型与已有的参数类型范围是包含关系","harmonyos_api_changes/HarmonyOS_6.0.0(20)_Beta2.json","backgroundColor","",".backgroundColor('#FFFFFF')","ArkTS","entry\src\main\ets\pages\Index.ets:222","backgroundColor(color: Optional<ResourceColor>): T@entry\src\main\ets\pages\Index.ets:222","","6.0.0(20)","backgroundColor(color: Optional<ResourceColor>): T"
"backgroundColor(color: Optional<ResourceColor>): T","类新增同名方法且参数类型与已有的参数类型范围是包含关系","harmonyos_api_changes/HarmonyOS_6.0.0(20)_Beta2.json","backgroundColor","",".backgroundColor('#F7F7F7')","ArkTS","entry\src\main\ets\pages\Index.ets:263","backgroundColor(color: Optional<ResourceColor>): T@entry\src\main\ets\pages\Index.ets:263","","6.0.0(20)","backgroundColor(color: Optional<ResourceColor>): T"
"backgroundColor(color: Optional<ResourceColor>): T","类新增同名方法且参数类型与已有的参数类型范围是包含关系","harmonyos_api_changes/HarmonyOS_6.0.0(20)_Beta2.json","backgroundColor","",".backgroundColor('#dbdbdb')","ArkTS","entry\src\main\ets\pages\Index.ets:272","backgroundColor(color: Optional<ResourceColor>): T@entry\src\main\ets\pages\Index.ets:272","","6.0.0(20)","backgroundColor(color: Optional<ResourceColor>): T"
"backgroundColor(color: Optional<ResourceColor>): T","类新增同名方法且参数类型与已有的参数类型范围是包含关系","harmonyos_api_changes/HarmonyOS_6.0.0(20)_Beta2.json","backgroundColor","",".backgroundColor('#dbdbdb')","ArkTS","entry\src\main\ets\pages\Index.ets:279","backgroundColor(color: Optional<ResourceColor>): T@entry\src\main\ets\pages\Index.ets:279","","6.0.0(20)","backgroundColor(color: Optional<ResourceColor>): T"
"backgroundColor(color: Optional<ResourceColor>): T","类新增同名方法且参数类型与已有的参数类型范围是包含关系","harmonyos_api_changes/HarmonyOS_6.0.0(20)_Beta2.json","backgroundColor","",".backgroundColor('#dbdbdb')","ArkTS","entry\src\main\ets\pages\Index.ets:286","backgroundColor(color: Optional<ResourceColor>): T@entry\src\main\ets\pages\Index.ets:286","","6.0.0(20)","backgroundColor(color: Optional<ResourceColor>): T"
"backgroundColor(color: Optional<ResourceColor>): T","类新增同名方法且参数类型与已有的参数类型范围是包含关系","harmonyos_api_changes/HarmonyOS_6.0.0(20)_Beta2.json","backgroundColor","",".backgroundColor('#dbdbdb')","ArkTS","entry\src\main\ets\pages\Index.ets:293","backgroundColor(color: Optional<ResourceColor>): T@entry\src\main\ets\pages\Index.ets:293","","6.0.0(20)","backgroundColor(color: Optional<ResourceColor>): T"
"backgroundColor(color: Optional<ResourceColor>): T","类新增同名方法且参数类型与已有的参数类型范围是包含关系","harmonyos_api_changes/HarmonyOS_6.0.0(20)_Beta2.json","backgroundColor","",".backgroundColor('#dbdbdb')","ArkTS","entry\src\main\ets\pages\Index.ets:302","backgroundColor(color: Optional<ResourceColor>): T@entry\src\main\ets\pages\Index.ets:302","","6.0.0(20)","backgroundColor(color: Optional<ResourceColor>): T"
"backgroundColor(color: Optional<ResourceColor>): T","类新增同名方法且参数类型与已有的参数类型范围是包含关系","harmonyos_api_changes/HarmonyOS_6.0.0(20)_Beta2.json","backgroundColor","",".backgroundColor('#f1f1f1')","ArkTS","entry\src\main\ets\pages\Index.ets:313","backgroundColor(color: Optional<ResourceColor>): T@entry\src\main\ets\pages\Index.ets:313","","6.0.0(20)","backgroundColor(color: Optional<ResourceColor>): T"
"backgroundColor(value: ResourceColor): T","类新增同名方法且参数类型与已有的参数类型范围不是包含关系","harmonyos_api_changes/HarmonyOS_5.1.0(18).json","backgroundColor","",".backgroundColor('#FFFFFF')","ArkTS","entry\src\main\ets\pages\Index.ets:222","backgroundColor(value: ResourceColor): T@entry\src\main\ets\pages\Index.ets:222","","5.1.0(18)","backgroundColor(value: ResourceColor): T"
"backgroundColor(value: ResourceColor): T","类新增同名方法且参数类型与已有的参数类型范围不是包含关系","harmonyos_api_changes/HarmonyOS_5.1.0(18).json","backgroundColor","",".backgroundColor('#F7F7F7')","ArkTS","entry\src\main\ets\pages\Index.ets:263","backgroundColor(value: ResourceColor): T@entry\src\main\ets\pages\Index.ets:263","","5.1.0(18)","backgroundColor(value: ResourceColor): T"
"backgroundColor(value: ResourceColor): T","类新增同名方法且参数类型与已有的参数类型范围不是包含关系","harmonyos_api_changes/HarmonyOS_5.1.0(18).json","backgroundColor","",".backgroundColor('#dbdbdb')","ArkTS","entry\src\main\ets\pages\Index.ets:272","backgroundColor(value: ResourceColor): T@entry\src\main\ets\pages\Index.ets:272","","5.1.0(18)","backgroundColor(value: ResourceColor): T"
"backgroundColor(value: ResourceColor): T","类新增同名方法且参数类型与已有的参数类型范围不是包含关系","harmonyos_api_changes/HarmonyOS_5.1.0(18).json","backgroundColor","",".backgroundColor('#dbdbdb')","ArkTS","entry\src\main\ets\pages\Index.ets:279","backgroundColor(value: ResourceColor): T@entry\src\main\ets\pages\Index.ets:279","","5.1.0(18)","backgroundColor(value: ResourceColor): T"
"backgroundColor(value: ResourceColor): T","类新增同名方法且参数类型与已有的参数类型范围不是包含关系","harmonyos_api_changes/HarmonyOS_5.1.0(18).json","backgroundColor","",".backgroundColor('#dbdbdb')","ArkTS","entry\src\main\ets\pages\Index.ets:286","backgroundColor(value: ResourceColor): T@entry\src\main\ets\pages\Index.ets:286","","5.1.0(18)","backgroundColor(value: ResourceColor): T"
"backgroundColor(value: ResourceColor): T","类新增同名方法且参数类型与已有的参数类型范围不是包含关系","harmonyos_api_changes/HarmonyOS_5.1.0(18).json","backgroundColor","",".backgroundColor('#dbdbdb')","ArkTS","entry\src\main\ets\pages\Index.ets:293","backgroundColor(value: ResourceColor): T@entry\src\main\ets\pages\Index.ets:293","","5.1.0(18)","backgroundColor(value: ResourceColor): T"
"backgroundColor(value: ResourceColor): T","类新增同名方法且参数类型与已有的参数类型范围不是包含关系","harmonyos_api_changes/HarmonyOS_5.1.0(18).json","backgroundColor","",".backgroundColor('#dbdbdb')","ArkTS","entry\src\main\ets\pages\Index.ets:302","backgroundColor(value: ResourceColor): T@entry\src\main\ets\pages\Index.ets:302","","5.1.0(18)","backgroundColor(value: ResourceColor): T"
"backgroundColor(value: ResourceColor): T","类新增同名方法且参数类型与已有的参数类型范围不是包含关系","harmonyos_api_changes/HarmonyOS_5.1.0(18).json","backgroundColor","",".backgroundColor('#f1f1f1')","ArkTS","entry\src\main\ets\pages\Index.ets:313","backgroundColor(value: ResourceColor): T@entry\src\main\ets\pages\Index.ets:313","","5.1.0(18)","backgroundColor(value: ResourceColor): T"
"borderRadius(radius: Dimension | BorderRadiuses): T","新增API","harmonyos_api_changes/HarmonyOS_5.0.3(15)_Beta1.json","borderRadius","",".borderRadius(TagMetrics.RADIUS)","ArkTS","entry\src\main\ets\pages\Index.ets:179","borderRadius(radius: Dimension | BorderRadiuses): T@entry\src\main\ets\pages\Index.ets:179","","5.0.3(15)","borderRadius(radius: Dimension | BorderRadiuses): T"
"borderRadius(radius: Dimension | BorderRadiuses): T","新增API","harmonyos_api_changes/HarmonyOS_5.0.3(15)_Beta1.json","borderRadius","",".borderRadius(TagMetrics.RADIUS)","ArkTS","entry\src\main\ets\pages\Index.ets:186","borderRadius(radius: Dimension | BorderRadiuses): T@entry\src\main\ets\pages\Index.ets:186","","5.0.3(15)","borderRadius(radius: Dimension | BorderRadiuses): T"
"borderRadius(radius: Dimension | BorderRadiuses): T","新增API","harmonyos_api_changes/HarmonyOS_5.0.3(15)_Beta1.json","borderRadius","",".borderRadius(TagMetrics.RADIUS)","ArkTS","entry\src\main\ets\pages\Index.ets:195","borderRadius(radius: Dimension | BorderRadiuses): T@entry\src\main\ets\pages\Index.ets:195","","5.0.3(15)","borderRadius(radius: Dimension | BorderRadiuses): T"
"borderRadius(value: Length | BorderRadiuses | LocalizedBorderRadiuses): T","类新增同名方法且参数类型与已有的参数类型范围是包含关系","harmonyos_api_changes/HarmonyOS_6.0.2(22).json","borderRadius","",".borderRadius(TagMetrics.RADIUS)","ArkTS","entry\src\main\ets\pages\Index.ets:179","borderRadius(value: Length | BorderRadiuses | LocalizedBorderRadiuses): T@entry\src\main\ets\pages\Index.ets:179","","6.0.2(22)","borderRadius(value: Length | BorderRadiuses | LocalizedBorderRadiuses): T"
"borderRadius(value: Length | BorderRadiuses | LocalizedBorderRadiuses): T","类新增同名方法且参数类型与已有的参数类型范围是包含关系","harmonyos_api_changes/HarmonyOS_6.0.2(22).json","borderRadius","",".borderRadius(TagMetrics.RADIUS)","ArkTS","entry\src\main\ets\pages\Index.ets:186","borderRadius(value: Length | BorderRadiuses | LocalizedBorderRadiuses): T@entry\src\main\ets\pages\Index.ets:186","","6.0.2(22)","borderRadius(value: Length | BorderRadiuses | LocalizedBorderRadiuses): T"
"borderRadius(value: Length | BorderRadiuses | LocalizedBorderRadiuses): T","类新增同名方法且参数类型与已有的参数类型范围是包含关系","harmonyos_api_changes/HarmonyOS_6.0.2(22).json","borderRadius","",".borderRadius(TagMetrics.RADIUS)","ArkTS","entry\src\main\ets\pages\Index.ets:195","borderRadius(value: Length | BorderRadiuses | LocalizedBorderRadiuses): T@entry\src\main\ets\pages\Index.ets:195","","6.0.2(22)","borderRadius(value: Length | BorderRadiuses | LocalizedBorderRadiuses): T"
"borderRadius: number","新增API","harmonyos_api_changes/HarmonyOS_6.0.0(20)_Beta1.json","borderRadius","",".borderRadius(TagMetrics.RADIUS)","ArkTS","entry\src\main\ets\pages\Index.ets:179","borderRadius: number@entry\src\main\ets\pages\Index.ets:179","","6.0.0(20)","borderRadius: number"
"borderRadius: number","新增API","harmonyos_api_changes/HarmonyOS_6.0.0(20)_Beta1.json","borderRadius","",".borderRadius(TagMetrics.RADIUS)","ArkTS","entry\src\main\ets\pages\Index.ets:186","borderRadius: number@entry\src\main\ets\pages\Index.ets:186","","6.0.0(20)","borderRadius: number"
"borderRadius: number","新增API","harmonyos_api_changes/HarmonyOS_6.0.0(20)_Beta1.json","borderRadius","",".borderRadius(TagMetrics.RADIUS)","ArkTS","entry\src\main\ets\pages\Index.ets:195","borderRadius: number@entry\src\main\ets\pages\Index.ets:195","","6.0.0(20)","borderRadius: number"
"borderRadius?: Length","新增API","harmonyos_api_changes/HarmonyOS_6.0.2(22).json","borderRadius","",".borderRadius(TagMetrics.RADIUS)","ArkTS","entry\src\main\ets\pages\Index.ets:179","borderRadius?: Length@entry\src\main\ets\pages\Index.ets:179","","6.0.2(22)","borderRadius?: Length"
"borderRadius?: Length","新增API","harmonyos_api_changes/HarmonyOS_6.0.2(22).json","borderRadius","",".borderRadius(TagMetrics.RADIUS)","ArkTS","entry\src\main\ets\pages\Index.ets:186","borderRadius?: Length@entry\src\main\ets\pages\Index.ets:186","","6.0.2(22)","borderRadius?: Length"
"borderRadius?: Length","新增API","harmonyos_api_changes/HarmonyOS_6.0.2(22).json","borderRadius","",".borderRadius(TagMetrics.RADIUS)","ArkTS","entry\src\main\ets\pages\Index.ets:195","borderRadius?: Length@entry\src\main\ets\pages\Index.ets:195","","6.0.2(22)","borderRadius?: Length"
"borderRadius?: LengthMetrics","接口新增可选属性","harmonyos_api_changes/HarmonyOS_5.1.0(18).json","borderRadius","",".borderRadius(TagMetrics.RADIUS)","ArkTS","entry\src\main\ets\pages\Index.ets:179","borderRadius?: LengthMetrics@entry\src\main\ets\pages\Index.ets:179","","5.1.0(18)","borderRadius?: LengthMetrics"
"borderRadius?: LengthMetrics","接口新增可选属性","harmonyos_api_changes/HarmonyOS_5.1.0(18).json","borderRadius","",".borderRadius(TagMetrics.RADIUS)","ArkTS","entry\src\main\ets\pages\Index.ets:186","borderRadius?: LengthMetrics@entry\src\main\ets\pages\Index.ets:186","","5.1.0(18)","borderRadius?: LengthMetrics"
"borderRadius?: LengthMetrics","接口新增可选属性","harmonyos_api_changes/HarmonyOS_5.1.0(18).json","borderRadius","",".borderRadius(TagMetrics.RADIUS)","ArkTS","entry\src\main\ets\pages\Index.ets:195","borderRadius?: LengthMetrics@entry\src\main\ets\pages\Index.ets:195","","5.1.0(18)","borderRadius?: LengthMetrics"
"borderRadius?: LengthMetrics | BorderRadiuses | LocalizedBorderRadiuses","新增API","harmonyos_api_changes/HarmonyOS_6.0.0(20)_Beta1.json","borderRadius","",".borderRadius(TagMetrics.RADIUS)","ArkTS","entry\src\main\ets\pages\Index.ets:179","borderRadius?: LengthMetrics | BorderRadiuses | LocalizedBorderRadiuses@entry\src\main\ets\pages\Index.ets:179","","6.0.0(20)","borderRadius?: LengthMetrics | BorderRadiuses | LocalizedBorderRadiuses"
"borderRadius?: LengthMetrics | BorderRadiuses | LocalizedBorderRadiuses","新增API","harmonyos_api_changes/HarmonyOS_6.0.0(20)_Beta1.json","borderRadius","",".borderRadius(TagMetrics.RADIUS)","ArkTS","entry\src\main\ets\pages\Index.ets:186","borderRadius?: LengthMetrics | BorderRadiuses | LocalizedBorderRadiuses@entry\src\main\ets\pages\Index.ets:186","","6.0.0(20)","borderRadius?: LengthMetrics | BorderRadiuses | LocalizedBorderRadiuses"
"borderRadius?: LengthMetrics | BorderRadiuses | LocalizedBorderRadiuses","新增API","harmonyos_api_changes/HarmonyOS_6.0.0(20)_Beta1.json","borderRadius","",".borderRadius(TagMetrics.RADIUS)","ArkTS","entry\src\main\ets\pages\Index.ets:195","borderRadius?: LengthMetrics | BorderRadiuses | LocalizedBorderRadiuses@entry\src\main\ets\pages\Index.ets:195","","6.0.0(20)","borderRadius?: LengthMetrics | BorderRadiuses | LocalizedBorderRadiuses"
"declare class CommonMethod<T>","接口定义变更","harmonyos_behavior_changes/HarmonyOS_26.0.0(26)_Beta1.json","CommonMethod","","this.context.getApplicationContext().setColorMode(ConfigurationConstant.ColorMode.COLOR_MODE_NOT_SET);","ArkTS","entry\src\main\ets\entryability\EntryAbility.ets:10","declare class CommonMethod<T>@entry\src\main\ets\entryability\EntryAbility.ets:10","this","26.0.0(26)","declare class CommonMethod<T>"
"declare class CommonMethod<T>","接口定义变更","harmonyos_behavior_changes/HarmonyOS_26.0.0(26)_Beta1.json","CommonMethod","","Text(item.data)","ArkTS","entry\src\main\ets\pages\Index.ets:174","declare class CommonMethod<T>@entry\src\main\ets\pages\Index.ets:174","","26.0.0(26)","declare class CommonMethod<T>"
"declare class CommonMethod<T>","接口定义变更","harmonyos_behavior_changes/HarmonyOS_26.0.0(26)_Beta1.json","CommonMethod","",".fontSize(TagMetrics.FONT_SIZE)","ArkTS","entry\src\main\ets\pages\Index.ets:175","declare class CommonMethod<T>@entry\src\main\ets\pages\Index.ets:175","","26.0.0(26)","declare class CommonMethod<T>"
"declare class CommonMethod<T>","接口定义变更","harmonyos_behavior_changes/HarmonyOS_26.0.0(26)_Beta1.json","CommonMethod","",".fontColor(this.tagTextColor(index))","ArkTS","entry\src\main\ets\pages\Index.ets:176","declare class CommonMethod<T>@entry\src\main\ets\pages\Index.ets:176","","26.0.0(26)","declare class CommonMethod<T>"
"declare class CommonMethod<T>","接口定义变更","harmonyos_behavior_changes/HarmonyOS_26.0.0(26)_Beta1.json","CommonMethod","",".height(TagMetrics.HIGHLIGHT_HEIGHT)","ArkTS","entry\src\main\ets\pages\Index.ets:177","declare class CommonMethod<T>@entry\src\main\ets\pages\Index.ets:177","","26.0.0(26)","declare class CommonMethod<T>"
"declare class CommonMethod<T>","接口定义变更","harmonyos_behavior_changes/HarmonyOS_26.0.0(26)_Beta1.json","CommonMethod","",".textAlign(TextAlign.Center)","ArkTS","entry\src\main\ets\pages\Index.ets:178","declare class CommonMethod<T>@entry\src\main\ets\pages\Index.ets:178","","26.0.0(26)","declare class CommonMethod<T>"
"declare class CommonMethod<T>","接口定义变更","harmonyos_behavior_changes/HarmonyOS_26.0.0(26)_Beta1.json","CommonMethod","",".borderRadius(TagMetrics.RADIUS)","ArkTS","entry\src\main\ets\pages\Index.ets:179","declare class CommonMethod<T>@entry\src\main\ets\pages\Index.ets:179","","26.0.0(26)","declare class CommonMethod<T>"
"declare class CommonMethod<T>","接口定义变更","harmonyos_behavior_changes/HarmonyOS_26.0.0(26)_Beta1.json","CommonMethod","",".padding(TagMetrics.PADDING)","ArkTS","entry\src\main\ets\pages\Index.ets:180","declare class CommonMethod<T>@entry\src\main\ets\pages\Index.ets:180","","26.0.0(26)","declare class CommonMethod<T>"
"declare class CommonMethod<T>","接口定义变更","harmonyos_behavior_changes/HarmonyOS_26.0.0(26)_Beta1.json","CommonMethod","",".border({ width: TagBorder.WIDTH, color: TagBorder.HIGHLIGHT })","ArkTS","entry\src\main\ets\pages\Index.ets:181","declare class CommonMethod<T>@entry\src\main\ets\pages\Index.ets:181","","26.0.0(26)","declare class CommonMethod<T>"
"declare class CommonMethod<T>","接口定义变更","harmonyos_behavior_changes/HarmonyOS_26.0.0(26)_Beta1.json","CommonMethod","","Text(item.data)","ArkTS","entry\src\main\ets\pages\Index.ets:183","declare class CommonMethod<T>@entry\src\main\ets\pages\Index.ets:183","","26.0.0(26)","declare class CommonMethod<T>"
"declare class CommonMethod<T>","接口定义变更","harmonyos_behavior_changes/HarmonyOS_26.0.0(26)_Beta1.json","CommonMethod","",".fontSize(TagMetrics.FONT_SIZE)","ArkTS","entry\src\main\ets\pages\Index.ets:184","declare class CommonMethod<T>@entry\src\main\ets\pages\Index.ets:184","","26.0.0(26)","declare class CommonMethod<T>"
"declare class CommonMethod<T>","接口定义变更","harmonyos_behavior_changes/HarmonyOS_26.0.0(26)_Beta1.json","CommonMethod","",".fontColor(this.tagTextColor(index))","ArkTS","entry\src\main\ets\pages\Index.ets:185","declare class CommonMethod<T>@entry\src\main\ets\pages\Index.ets:185","","26.0.0(26)","declare class CommonMethod<T>"
"declare class CommonMethod<T>","接口定义变更","harmonyos_behavior_changes/HarmonyOS_26.0.0(26)_Beta1.json","CommonMethod","",".borderRadius(TagMetrics.RADIUS)","ArkTS","entry\src\main\ets\pages\Index.ets:186","declare class CommonMethod<T>@entry\src\main\ets\pages\Index.ets:186","","26.0.0(26)","declare class CommonMethod<T>"
"declare class CommonMethod<T>","接口定义变更","harmonyos_behavior_changes/HarmonyOS_26.0.0(26)_Beta1.json","CommonMethod","",".padding(TagMetrics.PADDING)","ArkTS","entry\src\main\ets\pages\Index.ets:187","declare class CommonMethod<T>@entry\src\main\ets\pages\Index.ets:187","","26.0.0(26)","declare class CommonMethod<T>"
"declare class CommonMethod<T>","接口定义变更","harmonyos_behavior_changes/HarmonyOS_26.0.0(26)_Beta1.json","CommonMethod","",".border({ width: TagBorder.WIDTH, color: TagBorder.HIGHLIGHT })","ArkTS","entry\src\main\ets\pages\Index.ets:188","declare class CommonMethod<T>@entry\src\main\ets\pages\Index.ets:188","","26.0.0(26)","declare class CommonMethod<T>"
"declare class CommonMethod<T>","接口定义变更","harmonyos_behavior_changes/HarmonyOS_26.0.0(26)_Beta1.json","CommonMethod","","Text(item.data)","ArkTS","entry\src\main\ets\pages\Index.ets:192","declare class CommonMethod<T>@entry\src\main\ets\pages\Index.ets:192","","26.0.0(26)","declare class CommonMethod<T>"
"declare class CommonMethod<T>","接口定义变更","harmonyos_behavior_changes/HarmonyOS_26.0.0(26)_Beta1.json","CommonMethod","",".fontSize(TagMetrics.FONT_SIZE)","ArkTS","entry\src\main\ets\pages\Index.ets:193","declare class CommonMethod<T>@entry\src\main\ets\pages\Index.ets:193","","26.0.0(26)","declare class CommonMethod<T>"
"declare class CommonMethod<T>","接口定义变更","harmonyos_behavior_changes/HarmonyOS_26.0.0(26)_Beta1.json","CommonMethod","",".fontColor(this.tagTextColor(index))","ArkTS","entry\src\main\ets\pages\Index.ets:194","declare class CommonMethod<T>@entry\src\main\ets\pages\Index.ets:194","","26.0.0(26)","declare class CommonMethod<T>"
"declare class CommonMethod<T>","接口定义变更","harmonyos_behavior_changes/HarmonyOS_26.0.0(26)_Beta1.json","CommonMethod","",".borderRadius(TagMetrics.RADIUS)","ArkTS","entry\src\main\ets\pages\Index.ets:195","declare class CommonMethod<T>@entry\src\main\ets\pages\Index.ets:195","","26.0.0(26)","declare class CommonMethod<T>"
"declare class CommonMethod<T>","接口定义变更","harmonyos_behavior_changes/HarmonyOS_26.0.0(26)_Beta1.json","CommonMethod","",".padding(TagMetrics.PADDING)","ArkTS","entry\src\main\ets\pages\Index.ets:196","declare class CommonMethod<T>@entry\src\main\ets\pages\Index.ets:196","","26.0.0(26)","declare class CommonMethod<T>"
"declare class CommonMethod<T>","接口定义变更","harmonyos_behavior_changes/HarmonyOS_26.0.0(26)_Beta1.json","CommonMethod","",".border({ width: TagBorder.WIDTH, color: TagBorder.NORMAL })","ArkTS","entry\src\main\ets\pages\Index.ets:197","declare class CommonMethod<T>@entry\src\main\ets\pages\Index.ets:197","","26.0.0(26)","declare class CommonMethod<T>"
"declare class CommonMethod<T>","接口定义变更","harmonyos_behavior_changes/HarmonyOS_26.0.0(26)_Beta1.json","CommonMethod","","Text(item.data)","ArkTS","entry\src\main\ets\pages\Index.ets:200","declare class CommonMethod<T>@entry\src\main\ets\pages\Index.ets:200","","26.0.0(26)","declare class CommonMethod<T>"
"declare class CommonMethod<T>","接口定义变更","harmonyos_behavior_changes/HarmonyOS_26.0.0(26)_Beta1.json","CommonMethod","",".fontSize(TagMetrics.FONT_SIZE)","ArkTS","entry\src\main\ets\pages\Index.ets:201","declare class CommonMethod<T>@entry\src\main\ets\pages\Index.ets:201","","26.0.0(26)","declare class CommonMethod<T>"
"declare class CommonMethod<T>","接口定义变更","harmonyos_behavior_changes/HarmonyOS_26.0.0(26)_Beta1.json","CommonMethod","",".fontColor(this.tagTextColor(index))","ArkTS","entry\src\main\ets\pages\Index.ets:202","declare class CommonMethod<T>@entry\src\main\ets\pages\Index.ets:202","","26.0.0(26)","declare class CommonMethod<T>"
"declare class CommonMethod<T>","接口定义变更","harmonyos_behavior_changes/HarmonyOS_26.0.0(26)_Beta1.json","CommonMethod","",".fontSize(18)","ArkTS","entry\src\main\ets\pages\Index.ets:211","declare class CommonMethod<T>@entry\src\main\ets\pages\Index.ets:211","","26.0.0(26)","declare class CommonMethod<T>"
"declare class CommonMethod<T>","接口定义变更","harmonyos_behavior_changes/HarmonyOS_26.0.0(26)_Beta1.json","CommonMethod","",".fontWeight(FontWeight.Bold)","ArkTS","entry\src\main\ets\pages\Index.ets:212","declare class CommonMethod<T>@entry\src\main\ets\pages\Index.ets:212","","26.0.0(26)","declare class CommonMethod<T>"
"declare class CommonMethod<T>","接口定义变更","harmonyos_behavior_changes/HarmonyOS_26.0.0(26)_Beta1.json","CommonMethod","",".fontColor('#333333')","ArkTS","entry\src\main\ets\pages\Index.ets:213","declare class CommonMethod<T>@entry\src\main\ets\pages\Index.ets:213","","26.0.0(26)","declare class CommonMethod<T>"
"declare class CommonMethod<T>","接口定义变更","harmonyos_behavior_changes/HarmonyOS_26.0.0(26)_Beta1.json","CommonMethod","",".fontSize(13)","ArkTS","entry\src\main\ets\pages\Index.ets:216","declare class CommonMethod<T>@entry\src\main\ets\pages\Index.ets:216","","26.0.0(26)","declare class CommonMethod<T>"
"declare class CommonMethod<T>","接口定义变更","harmonyos_behavior_changes/HarmonyOS_26.0.0(26)_Beta1.json","CommonMethod","",".fontColor('#666666')","ArkTS","entry\src\main\ets\pages\Index.ets:217","declare class CommonMethod<T>@entry\src\main\ets\pages\Index.ets:217","","26.0.0(26)","declare class CommonMethod<T>"
"declare class CommonMethod<T>","接口定义变更","harmonyos_behavior_changes/HarmonyOS_26.0.0(26)_Beta1.json","CommonMethod","",".width('100%')","ArkTS","entry\src\main\ets\pages\Index.ets:219","declare class CommonMethod<T>@entry\src\main\ets\pages\Index.ets:219","","26.0.0(26)","declare class CommonMethod<T>"
"declare class CommonMethod<T>","接口定义变更","harmonyos_behavior_changes/HarmonyOS_26.0.0(26)_Beta1.json","CommonMethod","",".height(48)","ArkTS","entry\src\main\ets\pages\Index.ets:220","declare class CommonMethod<T>@entry\src\main\ets\pages\Index.ets:220","","26.0.0(26)","declare class CommonMethod<T>"
"declare class CommonMethod<T>","接口定义变更","harmonyos_behavior_changes/HarmonyOS_26.0.0(26)_Beta1.json","CommonMethod","",".padding({ left: 12, right: 12 })","ArkTS","entry\src\main\ets\pages\Index.ets:221","declare class CommonMethod<T>@entry\src\main\ets\pages\Index.ets:221","","26.0.0(26)","declare class CommonMethod<T>"
"declare class CommonMethod<T>","接口定义变更","harmonyos_behavior_changes/HarmonyOS_26.0.0(26)_Beta1.json","CommonMethod","",".backgroundColor('#FFFFFF')","ArkTS","entry\src\main\ets\pages\Index.ets:222","declare class CommonMethod<T>@entry\src\main\ets\pages\Index.ets:222","","26.0.0(26)","declare class CommonMethod<T>"
"declare class CommonMethod<T>","接口定义变更","harmonyos_behavior_changes/HarmonyOS_26.0.0(26)_Beta1.json","CommonMethod","",".width('100%')","ArkTS","entry\src\main\ets\pages\Index.ets:234","declare class CommonMethod<T>@entry\src\main\ets\pages\Index.ets:234","","26.0.0(26)","declare class CommonMethod<T>"
"declare class CommonMethod<T>","接口定义变更","harmonyos_behavior_changes/HarmonyOS_26.0.0(26)_Beta1.json","CommonMethod","",".scrollBar(BarState.Auto)","ArkTS","entry\src\main\ets\pages\Index.ets:236","declare class CommonMethod<T>@entry\src\main\ets\pages\Index.ets:236","","26.0.0(26)","declare class CommonMethod<T>"
"declare class CommonMethod<T>","接口定义变更","harmonyos_behavior_changes/HarmonyOS_26.0.0(26)_Beta1.json","CommonMethod","",".edgeEffect(EdgeEffect.Spring)","ArkTS","entry\src\main\ets\pages\Index.ets:237","declare class CommonMethod<T>@entry\src\main\ets\pages\Index.ets:237","","26.0.0(26)","declare class CommonMethod<T>"
"declare class CommonMethod<T>","接口定义变更","harmonyos_behavior_changes/HarmonyOS_26.0.0(26)_Beta1.json","CommonMethod","",".layoutWeight(1)","ArkTS","entry\src\main\ets\pages\Index.ets:238","declare class CommonMethod<T>@entry\src\main\ets\pages\Index.ets:238","","26.0.0(26)","declare class CommonMethod<T>"
"declare class CommonMethod<T>","接口定义变更","harmonyos_behavior_changes/HarmonyOS_26.0.0(26)_Beta1.json","CommonMethod","",".width('100%')","ArkTS","entry\src\main\ets\pages\Index.ets:239","declare class CommonMethod<T>@entry\src\main\ets\pages\Index.ets:239","","26.0.0(26)","declare class CommonMethod<T>"
"declare class CommonMethod<T>","接口定义变更","harmonyos_behavior_changes/HarmonyOS_26.0.0(26)_Beta1.json","CommonMethod","",".fontSize(12)","ArkTS","entry\src\main\ets\pages\Index.ets:244","declare class CommonMethod<T>@entry\src\main\ets\pages\Index.ets:244","","26.0.0(26)","declare class CommonMethod<T>"
"declare class CommonMethod<T>","接口定义变更","harmonyos_behavior_changes/HarmonyOS_26.0.0(26)_Beta1.json","CommonMethod","",".fontColor('#999999')","ArkTS","entry\src\main\ets\pages\Index.ets:245","declare class CommonMethod<T>@entry\src\main\ets\pages\Index.ets:245","","26.0.0(26)","declare class CommonMethod<T>"
"declare class CommonMethod<T>","接口定义变更","harmonyos_behavior_changes/HarmonyOS_26.0.0(26)_Beta1.json","CommonMethod","",".width('100%')","ArkTS","entry\src\main\ets\pages\Index.ets:246","declare class CommonMethod<T>@entry\src\main\ets\pages\Index.ets:246","","26.0.0(26)","declare class CommonMethod<T>"
"declare class CommonMethod<T>","接口定义变更","harmonyos_behavior_changes/HarmonyOS_26.0.0(26)_Beta1.json","CommonMethod","",".fontSize(11)","ArkTS","entry\src\main\ets\pages\Index.ets:251","declare class CommonMethod<T>@entry\src\main\ets\pages\Index.ets:251","","26.0.0(26)","declare class CommonMethod<T>"
"declare class CommonMethod<T>","接口定义变更","harmonyos_behavior_changes/HarmonyOS_26.0.0(26)_Beta1.json","CommonMethod","",".fontColor('#555555')","ArkTS","entry\src\main\ets\pages\Index.ets:252","declare class CommonMethod<T>@entry\src\main\ets\pages\Index.ets:252","","26.0.0(26)","declare class CommonMethod<T>"
"declare class CommonMethod<T>","接口定义变更","harmonyos_behavior_changes/HarmonyOS_26.0.0(26)_Beta1.json","CommonMethod","",".width('100%')","ArkTS","entry\src\main\ets\pages\Index.ets:253","declare class CommonMethod<T>@entry\src\main\ets\pages\Index.ets:253","","26.0.0(26)","declare class CommonMethod<T>"
"declare class CommonMethod<T>","接口定义变更","harmonyos_behavior_changes/HarmonyOS_26.0.0(26)_Beta1.json","CommonMethod","",".padding({ left: 0, top: 1, right: 0, bottom: 1 })","ArkTS","entry\src\main\ets\pages\Index.ets:254","declare class CommonMethod<T>@entry\src\main\ets\pages\Index.ets:254","","26.0.0(26)","declare class CommonMethod<T>"
"declare class CommonMethod<T>","接口定义变更","harmonyos_behavior_changes/HarmonyOS_26.0.0(26)_Beta1.json","CommonMethod","",".width('100%')","ArkTS","entry\src\main\ets\pages\Index.ets:257","declare class CommonMethod<T>@entry\src\main\ets\pages\Index.ets:257","","26.0.0(26)","declare class CommonMethod<T>"
"declare class CommonMethod<T>","接口定义变更","harmonyos_behavior_changes/HarmonyOS_26.0.0(26)_Beta1.json","CommonMethod","",".padding({ left: 12, right: 12, top: 4, bottom: 4 })","ArkTS","entry\src\main\ets\pages\Index.ets:258","declare class CommonMethod<T>@entry\src\main\ets\pages\Index.ets:258","","26.0.0(26)","declare class CommonMethod<T>"
"declare class CommonMethod<T>","接口定义变更","harmonyos_behavior_changes/HarmonyOS_26.0.0(26)_Beta1.json","CommonMethod","",".scrollBar(BarState.Auto)","ArkTS","entry\src\main\ets\pages\Index.ets:260","declare class CommonMethod<T>@entry\src\main\ets\pages\Index.ets:260","","26.0.0(26)","declare class CommonMethod<T>"
"declare class CommonMethod<T>","接口定义变更","harmonyos_behavior_changes/HarmonyOS_26.0.0(26)_Beta1.json","CommonMethod","",".height(72)","ArkTS","entry\src\main\ets\pages\Index.ets:261","declare class CommonMethod<T>@entry\src\main\ets\pages\Index.ets:261","","26.0.0(26)","declare class CommonMethod<T>"
"declare class CommonMethod<T>","接口定义变更","harmonyos_behavior_changes/HarmonyOS_26.0.0(26)_Beta1.json","CommonMethod","",".width('100%')","ArkTS","entry\src\main\ets\pages\Index.ets:262","declare class CommonMethod<T>@entry\src\main\ets\pages\Index.ets:262","","26.0.0(26)","declare class CommonMethod<T>"
"declare class CommonMethod<T>","接口定义变更","harmonyos_behavior_changes/HarmonyOS_26.0.0(26)_Beta1.json","CommonMethod","",".backgroundColor('#F7F7F7')","ArkTS","entry\src\main\ets\pages\Index.ets:263","declare class CommonMethod<T>@entry\src\main\ets\pages\Index.ets:263","","26.0.0(26)","declare class CommonMethod<T>"
"declare class CommonMethod<T>","接口定义变更","harmonyos_behavior_changes/HarmonyOS_26.0.0(26)_Beta1.json","CommonMethod","",".width('100%')","ArkTS","entry\src\main\ets\pages\Index.ets:265","declare class CommonMethod<T>@entry\src\main\ets\pages\Index.ets:265","","26.0.0(26)","declare class CommonMethod<T>"
"declare class CommonMethod<T>","接口定义变更","harmonyos_behavior_changes/HarmonyOS_26.0.0(26)_Beta1.json","CommonMethod","",".fontSize(14)","ArkTS","entry\src\main\ets\pages\Index.ets:270","declare class CommonMethod<T>@entry\src\main\ets\pages\Index.ets:270","","26.0.0(26)","declare class CommonMethod<T>"
"declare class CommonMethod<T>","接口定义变更","harmonyos_behavior_changes/HarmonyOS_26.0.0(26)_Beta1.json","CommonMethod","",".fontColor('#333333')","ArkTS","entry\src\main\ets\pages\Index.ets:271","declare class CommonMethod<T>@entry\src\main\ets\pages\Index.ets:271","","26.0.0(26)","declare class CommonMethod<T>"
"declare class CommonMethod<T>","接口定义变更","harmonyos_behavior_changes/HarmonyOS_26.0.0(26)_Beta1.json","CommonMethod","",".backgroundColor('#dbdbdb')","ArkTS","entry\src\main\ets\pages\Index.ets:272","declare class CommonMethod<T>@entry\src\main\ets\pages\Index.ets:272","","26.0.0(26)","declare class CommonMethod<T>"
"declare class CommonMethod<T>","接口定义变更","harmonyos_behavior_changes/HarmonyOS_26.0.0(26)_Beta1.json","CommonMethod","",".margin(5)","ArkTS","entry\src\main\ets\pages\Index.ets:273","declare class CommonMethod<T>@entry\src\main\ets\pages\Index.ets:273","","26.0.0(26)","declare class CommonMethod<T>"
"declare class CommonMethod<T>","接口定义变更","harmonyos_behavior_changes/HarmonyOS_26.0.0(26)_Beta1.json","CommonMethod","",".layoutWeight(1)","ArkTS","entry\src\main\ets\pages\Index.ets:274","declare class CommonMethod<T>@entry\src\main\ets\pages\Index.ets:274","","26.0.0(26)","declare class CommonMethod<T>"
"declare class CommonMethod<T>","接口定义变更","harmonyos_behavior_changes/HarmonyOS_26.0.0(26)_Beta1.json","CommonMethod","",".onClick(() => this.onNormal())","ArkTS","entry\src\main\ets\pages\Index.ets:275","declare class CommonMethod<T>@entry\src\main\ets\pages\Index.ets:275","","26.0.0(26)","declare class CommonMethod<T>"
"declare class CommonMethod<T>","接口定义变更","harmonyos_behavior_changes/HarmonyOS_26.0.0(26)_Beta1.json","CommonMethod","",".fontSize(14)","ArkTS","entry\src\main\ets\pages\Index.ets:277","declare class CommonMethod<T>@entry\src\main\ets\pages\Index.ets:277","","26.0.0(26)","declare class CommonMethod<T>"
"declare class CommonMethod<T>","接口定义变更","harmonyos_behavior_changes/HarmonyOS_26.0.0(26)_Beta1.json","CommonMethod","",".fontColor('#333333')","ArkTS","entry\src\main\ets\pages\Index.ets:278","declare class CommonMethod<T>@entry\src\main\ets\pages\Index.ets:278","","26.0.0(26)","declare class CommonMethod<T>"
"declare class CommonMethod<T>","接口定义变更","harmonyos_behavior_changes/HarmonyOS_26.0.0(26)_Beta1.json","CommonMethod","",".backgroundColor('#dbdbdb')","ArkTS","entry\src\main\ets\pages\Index.ets:279","declare class CommonMethod<T>@entry\src\main\ets\pages\Index.ets:279","","26.0.0(26)","declare class CommonMethod<T>"
"declare class CommonMethod<T>","接口定义变更","harmonyos_behavior_changes/HarmonyOS_26.0.0(26)_Beta1.json","CommonMethod","",".margin(5)","ArkTS","entry\src\main\ets\pages\Index.ets:280","declare class CommonMethod<T>@entry\src\main\ets\pages\Index.ets:280","","26.0.0(26)","declare class CommonMethod<T>"
"declare class CommonMethod<T>","接口定义变更","harmonyos_behavior_changes/HarmonyOS_26.0.0(26)_Beta1.json","CommonMethod","",".layoutWeight(1)","ArkTS","entry\src\main\ets\pages\Index.ets:281","declare class CommonMethod<T>@entry\src\main\ets\pages\Index.ets:281","","26.0.0(26)","declare class CommonMethod<T>"
"declare class CommonMethod<T>","接口定义变更","harmonyos_behavior_changes/HarmonyOS_26.0.0(26)_Beta1.json","CommonMethod","",".onClick(() => this.onCenter())","ArkTS","entry\src\main\ets\pages\Index.ets:282","declare class CommonMethod<T>@entry\src\main\ets\pages\Index.ets:282","","26.0.0(26)","declare class CommonMethod<T>"
"declare class CommonMethod<T>","接口定义变更","harmonyos_behavior_changes/HarmonyOS_26.0.0(26)_Beta1.json","CommonMethod","",".fontSize(14)","ArkTS","entry\src\main\ets\pages\Index.ets:284","declare class CommonMethod<T>@entry\src\main\ets\pages\Index.ets:284","","26.0.0(26)","declare class CommonMethod<T>"
"declare class CommonMethod<T>","接口定义变更","harmonyos_behavior_changes/HarmonyOS_26.0.0(26)_Beta1.json","CommonMethod","",".fontColor('#333333')","ArkTS","entry\src\main\ets\pages\Index.ets:285","declare class CommonMethod<T>@entry\src\main\ets\pages\Index.ets:285","","26.0.0(26)","declare class CommonMethod<T>"
"declare class CommonMethod<T>","接口定义变更","harmonyos_behavior_changes/HarmonyOS_26.0.0(26)_Beta1.json","CommonMethod","",".backgroundColor('#dbdbdb')","ArkTS","entry\src\main\ets\pages\Index.ets:286","declare class CommonMethod<T>@entry\src\main\ets\pages\Index.ets:286","","26.0.0(26)","declare class CommonMethod<T>"
"declare class CommonMethod<T>","接口定义变更","harmonyos_behavior_changes/HarmonyOS_26.0.0(26)_Beta1.json","CommonMethod","",".margin(5)","ArkTS","entry\src\main\ets\pages\Index.ets:287","declare class CommonMethod<T>@entry\src\main\ets\pages\Index.ets:287","","26.0.0(26)","declare class CommonMethod<T>"
"declare class CommonMethod<T>","接口定义变更","harmonyos_behavior_changes/HarmonyOS_26.0.0(26)_Beta1.json","CommonMethod","",".layoutWeight(1)","ArkTS","entry\src\main\ets\pages\Index.ets:288","declare class CommonMethod<T>@entry\src\main\ets\pages\Index.ets:288","","26.0.0(26)","declare class CommonMethod<T>"
"declare class CommonMethod<T>","接口定义变更","harmonyos_behavior_changes/HarmonyOS_26.0.0(26)_Beta1.json","CommonMethod","",".onClick(() => this.onBottom())","ArkTS","entry\src\main\ets\pages\Index.ets:289","declare class CommonMethod<T>@entry\src\main\ets\pages\Index.ets:289","","26.0.0(26)","declare class CommonMethod<T>"
"declare class CommonMethod<T>","接口定义变更","harmonyos_behavior_changes/HarmonyOS_26.0.0(26)_Beta1.json","CommonMethod","",".fontSize(14)","ArkTS","entry\src\main\ets\pages\Index.ets:291","declare class CommonMethod<T>@entry\src\main\ets\pages\Index.ets:291","","26.0.0(26)","declare class CommonMethod<T>"
"declare class CommonMethod<T>","接口定义变更","harmonyos_behavior_changes/HarmonyOS_26.0.0(26)_Beta1.json","CommonMethod","",".fontColor('#333333')","ArkTS","entry\src\main\ets\pages\Index.ets:292","declare class CommonMethod<T>@entry\src\main\ets\pages\Index.ets:292","","26.0.0(26)","declare class CommonMethod<T>"
"declare class CommonMethod<T>","接口定义变更","harmonyos_behavior_changes/HarmonyOS_26.0.0(26)_Beta1.json","CommonMethod","",".backgroundColor('#dbdbdb')","ArkTS","entry\src\main\ets\pages\Index.ets:293","declare class CommonMethod<T>@entry\src\main\ets\pages\Index.ets:293","","26.0.0(26)","declare class CommonMethod<T>"
"declare class CommonMethod<T>","接口定义变更","harmonyos_behavior_changes/HarmonyOS_26.0.0(26)_Beta1.json","CommonMethod","",".margin(5)","ArkTS","entry\src\main\ets\pages\Index.ets:294","declare class CommonMethod<T>@entry\src\main\ets\pages\Index.ets:294","","26.0.0(26)","declare class CommonMethod<T>"
"declare class CommonMethod<T>","接口定义变更","harmonyos_behavior_changes/HarmonyOS_26.0.0(26)_Beta1.json","CommonMethod","",".layoutWeight(1)","ArkTS","entry\src\main\ets\pages\Index.ets:295","declare class CommonMethod<T>@entry\src\main\ets\pages\Index.ets:295","","26.0.0(26)","declare class CommonMethod<T>"
"declare class CommonMethod<T>","接口定义变更","harmonyos_behavior_changes/HarmonyOS_26.0.0(26)_Beta1.json","CommonMethod","",".onClick(() => this.onTop())","ArkTS","entry\src\main\ets\pages\Index.ets:296","declare class CommonMethod<T>@entry\src\main\ets\pages\Index.ets:296","","26.0.0(26)","declare class CommonMethod<T>"
"declare class CommonMethod<T>","接口定义变更","harmonyos_behavior_changes/HarmonyOS_26.0.0(26)_Beta1.json","CommonMethod","",".fontSize(14)","ArkTS","entry\src\main\ets\pages\Index.ets:299","declare class CommonMethod<T>@entry\src\main\ets\pages\Index.ets:299","","26.0.0(26)","declare class CommonMethod<T>"
"declare class CommonMethod<T>","接口定义变更","harmonyos_behavior_changes/HarmonyOS_26.0.0(26)_Beta1.json","CommonMethod","",".fontColor('#333333')","ArkTS","entry\src\main\ets\pages\Index.ets:300","declare class CommonMethod<T>@entry\src\main\ets\pages\Index.ets:300","","26.0.0(26)","declare class CommonMethod<T>"
"declare class CommonMethod<T>","接口定义变更","harmonyos_behavior_changes/HarmonyOS_26.0.0(26)_Beta1.json","CommonMethod","",".backgroundColor('#dbdbdb')","ArkTS","entry\src\main\ets\pages\Index.ets:302","declare class CommonMethod<T>@entry\src\main\ets\pages\Index.ets:302","","26.0.0(26)","declare class CommonMethod<T>"
"declare class CommonMethod<T>","接口定义变更","harmonyos_behavior_changes/HarmonyOS_26.0.0(26)_Beta1.json","CommonMethod","",".selectedColor('#cccccc')","ArkTS","entry\src\main\ets\pages\Index.ets:303","declare class CommonMethod<T>@entry\src\main\ets\pages\Index.ets:303","","26.0.0(26)","declare class CommonMethod<T>"
"declare class CommonMethod<T>","接口定义变更","harmonyos_behavior_changes/HarmonyOS_26.0.0(26)_Beta1.json","CommonMethod","",".margin(5)","ArkTS","entry\src\main\ets\pages\Index.ets:304","declare class CommonMethod<T>@entry\src\main\ets\pages\Index.ets:304","","26.0.0(26)","declare class CommonMethod<T>"
"declare class CommonMethod<T>","接口定义变更","harmonyos_behavior_changes/HarmonyOS_26.0.0(26)_Beta1.json","CommonMethod","",".layoutWeight(1)","ArkTS","entry\src\main\ets\pages\Index.ets:305","declare class CommonMethod<T>@entry\src\main\ets\pages\Index.ets:305","","26.0.0(26)","declare class CommonMethod<T>"
"declare class CommonMethod<T>","接口定义变更","harmonyos_behavior_changes/HarmonyOS_26.0.0(26)_Beta1.json","CommonMethod","",".onChange((isOn: boolean) => this.onStroke(isOn))","ArkTS","entry\src\main\ets\pages\Index.ets:306","declare class CommonMethod<T>@entry\src\main\ets\pages\Index.ets:306","","26.0.0(26)","declare class CommonMethod<T>"
"declare class CommonMethod<T>","接口定义变更","harmonyos_behavior_changes/HarmonyOS_26.0.0(26)_Beta1.json","CommonMethod","",".width('100%')","ArkTS","entry\src\main\ets\pages\Index.ets:308","declare class CommonMethod<T>@entry\src\main\ets\pages\Index.ets:308","","26.0.0(26)","declare class CommonMethod<T>"
"declare class CommonMethod<T>","接口定义变更","harmonyos_behavior_changes/HarmonyOS_26.0.0(26)_Beta1.json","CommonMethod","",".padding({ left: 0, top: 2, right: 0, bottom: 2 })","ArkTS","entry\src\main\ets\pages\Index.ets:309","declare class CommonMethod<T>@entry\src\main\ets\pages\Index.ets:309","","26.0.0(26)","declare class CommonMethod<T>"
"declare class CommonMethod<T>","接口定义变更","harmonyos_behavior_changes/HarmonyOS_26.0.0(26)_Beta1.json","CommonMethod","",".width('100%')","ArkTS","entry\src\main\ets\pages\Index.ets:311","declare class CommonMethod<T>@entry\src\main\ets\pages\Index.ets:311","","26.0.0(26)","declare class CommonMethod<T>"
"declare class CommonMethod<T>","接口定义变更","harmonyos_behavior_changes/HarmonyOS_26.0.0(26)_Beta1.json","CommonMethod","",".height('100%')","ArkTS","entry\src\main\ets\pages\Index.ets:312","declare class CommonMethod<T>@entry\src\main\ets\pages\Index.ets:312","","26.0.0(26)","declare class CommonMethod<T>"
"declare class CommonMethod<T>","接口定义变更","harmonyos_behavior_changes/HarmonyOS_26.0.0(26)_Beta1.json","CommonMethod","",".backgroundColor('#f1f1f1')","ArkTS","entry\src\main\ets\pages\Index.ets:313","declare class CommonMethod<T>@entry\src\main\ets\pages\Index.ets:313","","26.0.0(26)","declare class CommonMethod<T>"
"declare class CommonMethod<T>","接口定义变更","harmonyos_behavior_changes/HarmonyOS_26.0.0(26)_Beta1.json","CommonMethod","","item.data = TAG_LIST[i];","ArkTS","entry\src\main\ets\pages\Index.ets:84","declare class CommonMethod<T>@entry\src\main\ets\pages\Index.ets:84","item","26.0.0(26)","declare class CommonMethod<T>"
"declare class CommonMethod<T>","接口定义变更","harmonyos_behavior_changes/HarmonyOS_26.0.0(26)_Beta1.json","CommonMethod","","item.margin = new FluidMargin();","ArkTS","entry\src\main\ets\pages\Index.ets:86","declare class CommonMethod<T>@entry\src\main\ets\pages\Index.ets:86","item","26.0.0(26)","declare class CommonMethod<T>"
"declare class CommonMethod<T>","接口定义变更","harmonyos_behavior_changes/HarmonyOS_26.0.0(26)_Beta1.json","CommonMethod","","item.margin.left = TagMetrics.MARGIN;","ArkTS","entry\src\main\ets\pages\Index.ets:87","declare class CommonMethod<T>@entry\src\main\ets\pages\Index.ets:87","item","26.0.0(26)","declare class CommonMethod<T>"
"declare class CommonMethod<T>","接口定义变更","harmonyos_behavior_changes/HarmonyOS_26.0.0(26)_Beta1.json","CommonMethod","","item.margin.top = TagMetrics.MARGIN;","ArkTS","entry\src\main\ets\pages\Index.ets:88","declare class CommonMethod<T>@entry\src\main\ets\pages\Index.ets:88","item","26.0.0(26)","declare class CommonMethod<T>"
"declare class CommonMethod<T>","接口定义变更","harmonyos_behavior_changes/HarmonyOS_26.0.0(26)_Beta1.json","CommonMethod","","item.margin.right = TagMetrics.MARGIN;","ArkTS","entry\src\main\ets\pages\Index.ets:89","declare class CommonMethod<T>@entry\src\main\ets\pages\Index.ets:89","item","26.0.0(26)","declare class CommonMethod<T>"
"declare class CommonMethod<T>","接口定义变更","harmonyos_behavior_changes/HarmonyOS_26.0.0(26)_Beta1.json","CommonMethod","","item.margin.bottom = TagMetrics.MARGIN;","ArkTS","entry\src\main\ets\pages\Index.ets:90","declare class CommonMethod<T>@entry\src\main\ets\pages\Index.ets:90","item","26.0.0(26)","declare class CommonMethod<T>"
"declare class CommonMethod<T>","接口定义变更","harmonyos_behavior_changes/HarmonyOS_26.0.0(26)_Beta1.json","CommonMethod","","item.visibility = FluidVisibility.Visible;","ArkTS","entry\src\main\ets\pages\Index.ets:91","declare class CommonMethod<T>@entry\src\main\ets\pages\Index.ets:91","item","26.0.0(26)","declare class CommonMethod<T>"
"declare class CommonMethod<T>","接口定义变更","harmonyos_behavior_changes/HarmonyOS_26.0.0(26)_Beta1.json","CommonMethod","","Text(item.data)","ArkTS","ohos_library\src\main\ets\components\FluidLayout.ets:155","declare class CommonMethod<T>@ohos_library\src\main\ets\components\FluidLayout.ets:155","","26.0.0(26)","declare class CommonMethod<T>"
"declare class CommonMethod<T>","接口定义变更","harmonyos_behavior_changes/HarmonyOS_26.0.0(26)_Beta1.json","CommonMethod","","let margin = item.margin;","ArkTS","ohos_library\src\main\ets\components\FluidLayout.ets:163","declare class CommonMethod<T>@ohos_library\src\main\ets\components\FluidLayout.ets:163","","26.0.0(26)","declare class CommonMethod<T>"
"declare class CommonMethod<T>","接口定义变更","harmonyos_behavior_changes/HarmonyOS_26.0.0(26)_Beta1.json","CommonMethod","","return index.toString() + '_' + item.data + '_' + this.gravity.toString() + '_' + itemGravity.toString() +","ArkTS","ohos_library\src\main\ets\components\FluidLayout.ets:164","declare class CommonMethod<T>@ohos_library\src\main\ets\components\FluidLayout.ets:164","","26.0.0(26)","declare class CommonMethod<T>"
"declare class CommonMethod<T>","接口定义变更","harmonyos_behavior_changes/HarmonyOS_26.0.0(26)_Beta1.json","CommonMethod","","'_' + item.visibility.toString() + '_' + margin.left.toString() + '_' + margin.top.toString() +","ArkTS","ohos_library\src\main\ets\components\FluidLayout.ets:165","declare class CommonMethod<T>@ohos_library\src\main\ets\components\FluidLayout.ets:165","","26.0.0(26)","declare class CommonMethod<T>"
"declare class CommonMethod<T>","接口定义变更","harmonyos_behavior_changes/HarmonyOS_26.0.0(26)_Beta1.json","CommonMethod","","if (item.visibility !== FluidVisibility.Gone) {","ArkTS","ohos_library\src\main\ets\components\FluidLayout.ets:176","declare class CommonMethod<T>@ohos_library\src\main\ets\components\FluidLayout.ets:176","","26.0.0(26)","declare class CommonMethod<T>"
"declare class CommonMethod<T>","接口定义变更","harmonyos_behavior_changes/HarmonyOS_26.0.0(26)_Beta1.json","CommonMethod","","if (item.visibility === FluidVisibility.Hidden) {","ArkTS","ohos_library\src\main\ets\components\FluidLayout.ets:177","declare class CommonMethod<T>@ohos_library\src\main\ets\components\FluidLayout.ets:177","","26.0.0(26)","declare class CommonMethod<T>"
"declare class CommonMethod<T>","接口定义变更","harmonyos_behavior_changes/HarmonyOS_26.0.0(26)_Beta1.json","CommonMethod","",".visibility(Visibility.Hidden)","ArkTS","ohos_library\src\main\ets\components\FluidLayout.ets:182","declare class CommonMethod<T>@ohos_library\src\main\ets\components\FluidLayout.ets:182","","26.0.0(26)","declare class CommonMethod<T>"
"declare class CommonMethod<T>","接口定义变更","harmonyos_behavior_changes/HarmonyOS_26.0.0(26)_Beta1.json","CommonMethod","","if (this.items[i].visibility !== FluidVisibility.Gone) {","ArkTS","ohos_library\src\main\ets\components\FluidLayout.ets:228","declare class CommonMethod<T>@ohos_library\src\main\ets\components\FluidLayout.ets:228","","26.0.0(26)","declare class CommonMethod<T>"
"declare class CommonMethod<T>","接口定义变更","harmonyos_behavior_changes/HarmonyOS_26.0.0(26)_Beta1.json","CommonMethod","","if (i < visItems.length && visItems[i].margin) {","ArkTS","ohos_library\src\main\ets\components\FluidLayout.ets:240","declare class CommonMethod<T>@ohos_library\src\main\ets\components\FluidLayout.ets:240","","26.0.0(26)","declare class CommonMethod<T>"
"declare class CommonMethod<T>","接口定义变更","harmonyos_behavior_changes/HarmonyOS_26.0.0(26)_Beta1.json","CommonMethod","","margins.push(visItems[i].margin);","ArkTS","ohos_library\src\main\ets\components\FluidLayout.ets:241","declare class CommonMethod<T>@ohos_library\src\main\ets\components\FluidLayout.ets:241","margins","26.0.0(26)","declare class CommonMethod<T>"
"declare class CommonMethod<T>","接口定义变更","harmonyos_behavior_changes/HarmonyOS_26.0.0(26)_Beta1.json","CommonMethod","","let result = children[i].measure({","ArkTS","ohos_library\src\main\ets\components\FluidLayout.ets:262","declare class CommonMethod<T>@ohos_library\src\main\ets\components\FluidLayout.ets:262","","26.0.0(26)","declare class CommonMethod<T>"
"declare class CommonMethod<T>","接口定义变更","harmonyos_behavior_changes/HarmonyOS_26.0.0(26)_Beta1.json","CommonMethod","","widths.push(result.width);","ArkTS","ohos_library\src\main\ets\components\FluidLayout.ets:268","declare class CommonMethod<T>@ohos_library\src\main\ets\components\FluidLayout.ets:268","widths","26.0.0(26)","declare class CommonMethod<T>"
"declare class CommonMethod<T>","接口定义变更","harmonyos_behavior_changes/HarmonyOS_26.0.0(26)_Beta1.json","CommonMethod","","heights.push(result.height);","ArkTS","ohos_library\src\main\ets\components\FluidLayout.ets:269","declare class CommonMethod<T>@ohos_library\src\main\ets\components\FluidLayout.ets:269","heights","26.0.0(26)","declare class CommonMethod<T>"
"declare class CommonMethod<T>","接口定义变更","harmonyos_behavior_changes/HarmonyOS_26.0.0(26)_Beta1.json","CommonMethod","","line.height = lineHeight;","ArkTS","ohos_library\src\main\ets\components\FluidLayout.ets:290","declare class CommonMethod<T>@ohos_library\src\main\ets\components\FluidLayout.ets:290","line","26.0.0(26)","declare class CommonMethod<T>"
"declare class CommonMethod<T>","接口定义变更","harmonyos_behavior_changes/HarmonyOS_26.0.0(26)_Beta1.json","CommonMethod","","line.height = lineHeight;","ArkTS","ohos_library\src\main\ets\components\FluidLayout.ets:312","declare class CommonMethod<T>@ohos_library\src\main\ets\components\FluidLayout.ets:312","line","26.0.0(26)","declare class CommonMethod<T>"
"declare class CommonMethod<T>","接口定义变更","harmonyos_behavior_changes/HarmonyOS_26.0.0(26)_Beta1.json","CommonMethod","","let lineH = line.height;","ArkTS","ohos_library\src\main\ets\components\FluidLayout.ets:358","declare class CommonMethod<T>@ohos_library\src\main\ets\components\FluidLayout.ets:358","","26.0.0(26)","declare class CommonMethod<T>"
"declare class CommonMethod<T>","接口定义变更","harmonyos_behavior_changes/HarmonyOS_26.0.0(26)_Beta1.json","CommonMethod","","let margin: FluidMargin = item.margin;","ArkTS","ohos_library\src\main\ets\components\FluidLayout.ets:362","declare class CommonMethod<T>@ohos_library\src\main\ets\components\FluidLayout.ets:362","","26.0.0(26)","declare class CommonMethod<T>"
"declare const Button: ButtonInterface","UX视觉布局变更","harmonyos_behavior_changes/HarmonyOS_5.1.0(18)_Release.json","Button","","Button('normal switch')","ArkTS","entry\src\main\ets\pages\Index.ets:269","declare const Button: ButtonInterface@entry\src\main\ets\pages\Index.ets:269","","5.1.0(18)","declare const Button: ButtonInterface"
"declare const Button: ButtonInterface","UX视觉布局变更","harmonyos_behavior_changes/HarmonyOS_5.1.0(18)_Release.json","Button","","Button('center')","ArkTS","entry\src\main\ets\pages\Index.ets:276","declare const Button: ButtonInterface@entry\src\main\ets\pages\Index.ets:276","","5.1.0(18)","declare const Button: ButtonInterface"
"declare const Button: ButtonInterface","UX视觉布局变更","harmonyos_behavior_changes/HarmonyOS_5.1.0(18)_Release.json","Button","","Button('bottom')","ArkTS","entry\src\main\ets\pages\Index.ets:283","declare const Button: ButtonInterface@entry\src\main\ets\pages\Index.ets:283","","5.1.0(18)","declare const Button: ButtonInterface"
"declare const Button: ButtonInterface","UX视觉布局变更","harmonyos_behavior_changes/HarmonyOS_5.1.0(18)_Release.json","Button","","Button('top')","ArkTS","entry\src\main\ets\pages\Index.ets:290","declare const Button: ButtonInterface@entry\src\main\ets\pages\Index.ets:290","","5.1.0(18)","declare const Button: ButtonInterface"
"declare const Button: ButtonInterface","UX视觉布局变更","harmonyos_behavior_changes/HarmonyOS_5.1.0(18)_Release.json","Button","","Toggle({ type: ToggleType.Button, isOn: this.hasBg }) {","ArkTS","entry\src\main\ets\pages\Index.ets:297","declare const Button: ButtonInterface@entry\src\main\ets\pages\Index.ets:297","","5.1.0(18)","declare const Button: ButtonInterface"
"declare const Text: TextInterface","UX视觉布局变更","harmonyos_behavior_changes/HarmonyOS_26.0.0(26)_Beta1.json","Text","","Text(item.data)","ArkTS","entry\src\main\ets\pages\Index.ets:174","declare const Text: TextInterface@entry\src\main\ets\pages\Index.ets:174","","26.0.0(26)","declare const Text: TextInterface"
"declare const Text: TextInterface","UX视觉布局变更","harmonyos_behavior_changes/HarmonyOS_26.0.0(26)_Beta1.json","Text","","Text(item.data)","ArkTS","entry\src\main\ets\pages\Index.ets:183","declare const Text: TextInterface@entry\src\main\ets\pages\Index.ets:183","","26.0.0(26)","declare const Text: TextInterface"
"declare const Text: TextInterface","UX视觉布局变更","harmonyos_behavior_changes/HarmonyOS_26.0.0(26)_Beta1.json","Text","","Text(item.data)","ArkTS","entry\src\main\ets\pages\Index.ets:192","declare const Text: TextInterface@entry\src\main\ets\pages\Index.ets:192","","26.0.0(26)","declare const Text: TextInterface"
"declare const Text: TextInterface","UX视觉布局变更","harmonyos_behavior_changes/HarmonyOS_26.0.0(26)_Beta1.json","Text","","Text(item.data)","ArkTS","entry\src\main\ets\pages\Index.ets:200","declare const Text: TextInterface@entry\src\main\ets\pages\Index.ets:200","","26.0.0(26)","declare const Text: TextInterface"
"declare const Text: TextInterface","UX视觉布局变更","harmonyos_behavior_changes/HarmonyOS_26.0.0(26)_Beta1.json","Text","","Text('FluidLayout Demo')","ArkTS","entry\src\main\ets\pages\Index.ets:210","declare const Text: TextInterface@entry\src\main\ets\pages\Index.ets:210","","26.0.0(26)","declare const Text: TextInterface"
"declare const Text: TextInterface","UX视觉布局变更","harmonyos_behavior_changes/HarmonyOS_26.0.0(26)_Beta1.json","Text","","Text(`gravity: ${this.gravityName()}`)","ArkTS","entry\src\main\ets\pages\Index.ets:215","declare const Text: TextInterface@entry\src\main\ets\pages\Index.ets:215","","26.0.0(26)","declare const Text: TextInterface"
"declare const Text: TextInterface","UX视觉布局变更","harmonyos_behavior_changes/HarmonyOS_26.0.0(26)_Beta1.json","Text","","Text('日志')","ArkTS","entry\src\main\ets\pages\Index.ets:243","declare const Text: TextInterface@entry\src\main\ets\pages\Index.ets:243","","26.0.0(26)","declare const Text: TextInterface"
"declare const Text: TextInterface","UX视觉布局变更","harmonyos_behavior_changes/HarmonyOS_26.0.0(26)_Beta1.json","Text","","Text(line)","ArkTS","entry\src\main\ets\pages\Index.ets:250","declare const Text: TextInterface@entry\src\main\ets\pages\Index.ets:250","","26.0.0(26)","declare const Text: TextInterface"
"declare const Text: TextInterface","UX视觉布局变更","harmonyos_behavior_changes/HarmonyOS_26.0.0(26)_Beta1.json","Text","","Text(this.hasBg ? 'No Stroke' : 'Stroke')","ArkTS","entry\src\main\ets\pages\Index.ets:298","declare const Text: TextInterface@entry\src\main\ets\pages\Index.ets:298","","26.0.0(26)","declare const Text: TextInterface"
"declare const Text: TextInterface","UX视觉布局变更","harmonyos_behavior_changes/HarmonyOS_26.0.0(26)_Beta1.json","Text","","Text(item.data)","ArkTS","ohos_library\src\main\ets\components\FluidLayout.ets:155","declare const Text: TextInterface@ohos_library\src\main\ets\components\FluidLayout.ets:155","","26.0.0(26)","declare const Text: TextInterface"
"declare const Toggle: ToggleInterface","UX视觉布局变更","harmonyos_behavior_changes/HarmonyOS_26.0.0(26)_Beta1.json","Toggle","","Toggle({ type: ToggleType.Button, isOn: this.hasBg }) {","ArkTS","entry\src\main\ets\pages\Index.ets:297","declare const Toggle: ToggleInterface@entry\src\main\ets\pages\Index.ets:297","","26.0.0(26)","declare const Toggle: ToggleInterface"
"enum ColorMode","API废弃版本变更","harmonyos_api_changes/HarmonyOS_6.0.0(20)_Beta1.json","ColorMode","","import { AbilityConstant, ConfigurationConstant, UIAbility, Want } from '@kit.AbilityKit';","ArkTS","entry\src\main\ets\entryability\EntryAbility.ets:1","enum ColorMode@entry\src\main\ets\entryability\EntryAbility.ets:1","","6.0.0(20)","enum ColorMode"
"enum ColorMode","API废弃版本变更","harmonyos_api_changes/HarmonyOS_6.0.0(20)_Beta1.json","ColorMode","","this.context.getApplicationContext().setColorMode(ConfigurationConstant.ColorMode.COLOR_MODE_NOT_SET);","ArkTS","entry\src\main\ets\entryability\EntryAbility.ets:10","enum ColorMode@entry\src\main\ets\entryability\EntryAbility.ets:10","this","6.0.0(20)","enum ColorMode"
"enum OutputType","新增API","harmonyos_api_changes/HarmonyOS_26.0.0_Beta2.json","OutputType","","hilog.error(DOMAIN, 'testTag', 'Failed to set colorMode. Cause: %{public}s', JSON.stringify(err));","ArkTS","entry\src\main\ets\entryability\EntryAbility.ets:12","enum OutputType@entry\src\main\ets\entryability\EntryAbility.ets:12","hilog","26.0.0 Beta2","enum OutputType"
"enum OutputType","新增API","harmonyos_api_changes/HarmonyOS_26.0.0_Beta2.json","OutputType","","hilog.info(DOMAIN, 'testTag', '%{public}s', 'Ability onCreate');","ArkTS","entry\src\main\ets\entryability\EntryAbility.ets:14","enum OutputType@entry\src\main\ets\entryability\EntryAbility.ets:14","hilog","26.0.0 Beta2","enum OutputType"
"enum OutputType","新增API","harmonyos_api_changes/HarmonyOS_26.0.0_Beta2.json","OutputType","","hilog.info(DOMAIN, 'testTag', '%{public}s', 'Ability onDestroy');","ArkTS","entry\src\main\ets\entryability\EntryAbility.ets:18","enum OutputType@entry\src\main\ets\entryability\EntryAbility.ets:18","hilog","26.0.0 Beta2","enum OutputType"
"enum OutputType","新增API","harmonyos_api_changes/HarmonyOS_26.0.0_Beta2.json","OutputType","","hilog.info(DOMAIN, 'testTag', '%{public}s', 'Ability onWindowStageCreate');","ArkTS","entry\src\main\ets\entryability\EntryAbility.ets:23","enum OutputType@entry\src\main\ets\entryability\EntryAbility.ets:23","hilog","26.0.0 Beta2","enum OutputType"
"enum OutputType","新增API","harmonyos_api_changes/HarmonyOS_26.0.0_Beta2.json","OutputType","","hilog.error(DOMAIN, 'testTag', 'Failed to load the content. Cause: %{public}s', JSON.stringify(err));","ArkTS","entry\src\main\ets\entryability\EntryAbility.ets:27","enum OutputType@entry\src\main\ets\entryability\EntryAbility.ets:27","hilog","26.0.0 Beta2","enum OutputType"
"enum OutputType","新增API","harmonyos_api_changes/HarmonyOS_26.0.0_Beta2.json","OutputType","","hilog.info(DOMAIN, 'testTag', 'Succeeded in loading the content.');","ArkTS","entry\src\main\ets\entryability\EntryAbility.ets:30","enum OutputType@entry\src\main\ets\entryability\EntryAbility.ets:30","hilog","26.0.0 Beta2","enum OutputType"
"enum OutputType","新增API","harmonyos_api_changes/HarmonyOS_26.0.0_Beta2.json","OutputType","","hilog.info(DOMAIN, 'testTag', '%{public}s', 'Ability onWindowStageDestroy');","ArkTS","entry\src\main\ets\entryability\EntryAbility.ets:36","enum OutputType@entry\src\main\ets\entryability\EntryAbility.ets:36","hilog","26.0.0 Beta2","enum OutputType"
"enum OutputType","新增API","harmonyos_api_changes/HarmonyOS_26.0.0_Beta2.json","OutputType","","hilog.info(DOMAIN, 'testTag', '%{public}s', 'Ability onForeground');","ArkTS","entry\src\main\ets\entryability\EntryAbility.ets:41","enum OutputType@entry\src\main\ets\entryability\EntryAbility.ets:41","hilog","26.0.0 Beta2","enum OutputType"
"enum OutputType","新增API","harmonyos_api_changes/HarmonyOS_26.0.0_Beta2.json","OutputType","","hilog.info(DOMAIN, 'testTag', '%{public}s', 'Ability onBackground');","ArkTS","entry\src\main\ets\entryability\EntryAbility.ets:46","enum OutputType@entry\src\main\ets\entryability\EntryAbility.ets:46","hilog","26.0.0 Beta2","enum OutputType"
"enum OutputType","新增API","harmonyos_api_changes/HarmonyOS_26.0.0_Beta2.json","OutputType","","hilog.info(DOMAIN, 'testTag', 'onRestore ok %{public}s', JSON.stringify(bundleVersion));","ArkTS","entry\src\main\ets\entrybackupability\EntryBackupAbility.ets:13","enum OutputType@entry\src\main\ets\entrybackupability\EntryBackupAbility.ets:13","hilog","26.0.0 Beta2","enum OutputType"
"enum OutputType","新增API","harmonyos_api_changes/HarmonyOS_26.0.0_Beta2.json","OutputType","","hilog.info(DOMAIN, 'testTag', 'onBackup ok');","ArkTS","entry\src\main\ets\entrybackupability\EntryBackupAbility.ets:8","enum OutputType@entry\src\main\ets\entrybackupability\EntryBackupAbility.ets:8","hilog","26.0.0 Beta2","enum OutputType"
"enum PreferStrategy","新增API","harmonyos_api_changes/HarmonyOS_6.0.1(21)_Beta1.json","PreferStrategy","","hilog.error(DOMAIN, 'testTag', 'Failed to set colorMode. Cause: %{public}s', JSON.stringify(err));","ArkTS","entry\src\main\ets\entryability\EntryAbility.ets:12","enum PreferStrategy@entry\src\main\ets\entryability\EntryAbility.ets:12","hilog","6.0.1(21)","enum PreferStrategy"
"enum PreferStrategy","新增API","harmonyos_api_changes/HarmonyOS_6.0.1(21)_Beta1.json","PreferStrategy","","hilog.info(DOMAIN, 'testTag', '%{public}s', 'Ability onCreate');","ArkTS","entry\src\main\ets\entryability\EntryAbility.ets:14","enum PreferStrategy@entry\src\main\ets\entryability\EntryAbility.ets:14","hilog","6.0.1(21)","enum PreferStrategy"
"enum PreferStrategy","新增API","harmonyos_api_changes/HarmonyOS_6.0.1(21)_Beta1.json","PreferStrategy","","hilog.info(DOMAIN, 'testTag', '%{public}s', 'Ability onDestroy');","ArkTS","entry\src\main\ets\entryability\EntryAbility.ets:18","enum PreferStrategy@entry\src\main\ets\entryability\EntryAbility.ets:18","hilog","6.0.1(21)","enum PreferStrategy"
"enum PreferStrategy","新增API","harmonyos_api_changes/HarmonyOS_6.0.1(21)_Beta1.json","PreferStrategy","","hilog.info(DOMAIN, 'testTag', '%{public}s', 'Ability onWindowStageCreate');","ArkTS","entry\src\main\ets\entryability\EntryAbility.ets:23","enum PreferStrategy@entry\src\main\ets\entryability\EntryAbility.ets:23","hilog","6.0.1(21)","enum PreferStrategy"
"enum PreferStrategy","新增API","harmonyos_api_changes/HarmonyOS_6.0.1(21)_Beta1.json","PreferStrategy","","hilog.error(DOMAIN, 'testTag', 'Failed to load the content. Cause: %{public}s', JSON.stringify(err));","ArkTS","entry\src\main\ets\entryability\EntryAbility.ets:27","enum PreferStrategy@entry\src\main\ets\entryability\EntryAbility.ets:27","hilog","6.0.1(21)","enum PreferStrategy"
"enum PreferStrategy","新增API","harmonyos_api_changes/HarmonyOS_6.0.1(21)_Beta1.json","PreferStrategy","","hilog.info(DOMAIN, 'testTag', 'Succeeded in loading the content.');","ArkTS","entry\src\main\ets\entryability\EntryAbility.ets:30","enum PreferStrategy@entry\src\main\ets\entryability\EntryAbility.ets:30","hilog","6.0.1(21)","enum PreferStrategy"
"enum PreferStrategy","新增API","harmonyos_api_changes/HarmonyOS_6.0.1(21)_Beta1.json","PreferStrategy","","hilog.info(DOMAIN, 'testTag', '%{public}s', 'Ability onWindowStageDestroy');","ArkTS","entry\src\main\ets\entryability\EntryAbility.ets:36","enum PreferStrategy@entry\src\main\ets\entryability\EntryAbility.ets:36","hilog","6.0.1(21)","enum PreferStrategy"
"enum PreferStrategy","新增API","harmonyos_api_changes/HarmonyOS_6.0.1(21)_Beta1.json","PreferStrategy","","hilog.info(DOMAIN, 'testTag', '%{public}s', 'Ability onForeground');","ArkTS","entry\src\main\ets\entryability\EntryAbility.ets:41","enum PreferStrategy@entry\src\main\ets\entryability\EntryAbility.ets:41","hilog","6.0.1(21)","enum PreferStrategy"
"enum PreferStrategy","新增API","harmonyos_api_changes/HarmonyOS_6.0.1(21)_Beta1.json","PreferStrategy","","hilog.info(DOMAIN, 'testTag', '%{public}s', 'Ability onBackground');","ArkTS","entry\src\main\ets\entryability\EntryAbility.ets:46","enum PreferStrategy@entry\src\main\ets\entryability\EntryAbility.ets:46","hilog","6.0.1(21)","enum PreferStrategy"
"enum PreferStrategy","新增API","harmonyos_api_changes/HarmonyOS_6.0.1(21)_Beta1.json","PreferStrategy","","hilog.info(DOMAIN, 'testTag', 'onRestore ok %{public}s', JSON.stringify(bundleVersion));","ArkTS","entry\src\main\ets\entrybackupability\EntryBackupAbility.ets:13","enum PreferStrategy@entry\src\main\ets\entrybackupability\EntryBackupAbility.ets:13","hilog","6.0.1(21)","enum PreferStrategy"
"enum PreferStrategy","新增API","harmonyos_api_changes/HarmonyOS_6.0.1(21)_Beta1.json","PreferStrategy","","hilog.info(DOMAIN, 'testTag', 'onBackup ok');","ArkTS","entry\src\main\ets\entrybackupability\EntryBackupAbility.ets:8","enum PreferStrategy@entry\src\main\ets\entrybackupability\EntryBackupAbility.ets:8","hilog","6.0.1(21)","enum PreferStrategy"
"export function getApplicationContext(): ApplicationContext","新增API","harmonyos_api_changes/HarmonyOS_5.0.2(14).json","export","","this.context.getApplicationContext().setColorMode(ConfigurationConstant.ColorMode.COLOR_MODE_NOT_SET);","ArkTS","entry\src\main\ets\entryability\EntryAbility.ets:10","export function getApplicationContext(): ApplicationContext@entry\src\main\ets\entryability\EntryAbility.ets:10","this","5.0.2(14)","export function getApplicationContext(): ApplicationContext"
"fontWeight(value: number | FontWeight | string): T","函数变更","harmonyos_api_changes/HarmonyOS_6.0.0(20)_Beta2.json","fontWeight","",".fontWeight(FontWeight.Bold)","ArkTS","entry\src\main\ets\pages\Index.ets:212","fontWeight(value: number | FontWeight | string): T@entry\src\main\ets\pages\Index.ets:212","","6.0.0(20)","fontWeight(value: number | FontWeight | string): T"
"fontWeight(value: number | FontWeight | string): TextAttribute","函数变更","harmonyos_api_changes/HarmonyOS_6.0.0(20)_Beta1.json","fontWeight","",".fontWeight(FontWeight.Bold)","ArkTS","entry\src\main\ets\pages\Index.ets:212","fontWeight(value: number | FontWeight | string): TextAttribute@entry\src\main\ets\pages\Index.ets:212","","6.0.0(20)","fontWeight(value: number | FontWeight | string): TextAttribute"
"fontWeight(weight: number | FontWeight | string, options?: FontSettingOptions): TextAttribute","函数变更","harmonyos_api_changes/HarmonyOS_6.0.0(20)_Beta1.json","fontWeight","",".fontWeight(FontWeight.Bold)","ArkTS","entry\src\main\ets\pages\Index.ets:212","fontWeight(weight: number | FontWeight | string, options?: FontSettingOptions): TextAttribute@entry\src\main\ets\pages\Index.ets:212","","6.0.0(20)","fontWeight(weight: number | FontWeight | string, options?: FontSettingOptions): TextAttribute"
"fontWeight: number","新增API","harmonyos_api_changes/HarmonyOS_5.0.4(16).json","fontWeight","",".fontWeight(FontWeight.Bold)","ArkTS","entry\src\main\ets\pages\Index.ets:212","fontWeight: number@entry\src\main\ets\pages\Index.ets:212","","5.0.4(16)","fontWeight: number"
"fontWeight?: FontWeight","API从不支持元服务到支持元服务","harmonyos_api_changes/HarmonyOS_6.0.2(22).json","fontWeight","",".fontWeight(FontWeight.Bold)","ArkTS","entry\src\main\ets\pages\Index.ets:212","fontWeight?: FontWeight@entry\src\main\ets\pages\Index.ets:212","","6.0.2(22)","fontWeight?: FontWeight"
"fontWeight?: number | FontWeight | string","属性变更","harmonyos_api_changes/HarmonyOS_6.0.0(20)_Beta1.json","fontWeight","",".fontWeight(FontWeight.Bold)","ArkTS","entry\src\main\ets\pages\Index.ets:212","fontWeight?: number | FontWeight | string@entry\src\main\ets\pages\Index.ets:212","","6.0.0(20)","fontWeight?: number | FontWeight | string"
"layout(width: number): Promise<void>","类新增必选属性或非同名方法","harmonyos_api_changes/HarmonyOS_5.1.0(18).json","layout","","child.layout({ x: x, y: y });","ArkTS","ohos_library\src\main\ets\components\FluidLayout.ets:377","layout(width: number): Promise<void>@ohos_library\src\main\ets\components\FluidLayout.ets:377","child","5.1.0(18)","layout(width: number): Promise<void>"
"loadContent(path: string, callback: AsyncCallback<void>): void","删除错误码","harmonyos_api_changes/HarmonyOS_5.1.1(19)_Release.json","loadContent","","windowStage.loadContent('pages/Index', (err) => {","ArkTS","entry\src\main\ets\entryability\EntryAbility.ets:25","loadContent(path: string, callback: AsyncCallback<void>): void@entry\src\main\ets\entryability\EntryAbility.ets:25","windowStage","5.1.1(19)","loadContent(path: string, callback: AsyncCallback<void>): void"
"loadContent(path: string, storage: LocalStorage): Promise<void>","删除错误码","harmonyos_api_changes/HarmonyOS_5.1.1(19)_Release.json","loadContent","","windowStage.loadContent('pages/Index', (err) => {","ArkTS","entry\src\main\ets\entryability\EntryAbility.ets:25","loadContent(path: string, storage: LocalStorage): Promise<void>@entry\src\main\ets\entryability\EntryAbility.ets:25","windowStage","5.1.1(19)","loadContent(path: string, storage: LocalStorage): Promise<void>"
"loadContent(path: string, storage: LocalStorage, callback: AsyncCallback<void>): void","删除错误码","harmonyos_api_changes/HarmonyOS_5.1.1(19)_Release.json","loadContent","","windowStage.loadContent('pages/Index', (err) => {","ArkTS","entry\src\main\ets\entryability\EntryAbility.ets:25","loadContent(path: string, storage: LocalStorage, callback: AsyncCallback<void>): void@entry\src\main\ets\entryability\EntryAbility.ets:25","windowStage","5.1.1(19)","loadContent(path: string, storage: LocalStorage, callback: AsyncCallback<void>): void"
"loadContent(path: string, storage?: LocalStorage): Promise<void>","删除错误码","harmonyos_api_changes/HarmonyOS_5.1.1(19)_Release.json","loadContent","","windowStage.loadContent('pages/Index', (err) => {","ArkTS","entry\src\main\ets\entryability\EntryAbility.ets:25","loadContent(path: string, storage?: LocalStorage): Promise<void>@entry\src\main\ets\entryability\EntryAbility.ets:25","windowStage","5.1.1(19)","loadContent(path: string, storage?: LocalStorage): Promise<void>"
"onChange?: (value: Date) => void","函数变更","harmonyos_api_changes/HarmonyOS_5.1.0(18).json","onChange","",".onChange((isOn: boolean) => this.onStroke(isOn))","ArkTS","entry\src\main\ets\pages\Index.ets:306","onChange?: (value: Date) => void@entry\src\main\ets\pages\Index.ets:306","","5.1.0(18)","onChange?: (value: Date) => void"
"setColorMode(colorMode: ConfigurationConstant.ColorMode): void","类新增必选属性或非同名方法","harmonyos_api_changes/HarmonyOS_5.1.0(18).json","setColorMode","","this.context.getApplicationContext().setColorMode(ConfigurationConstant.ColorMode.COLOR_MODE_NOT_SET);","ArkTS","entry\src\main\ets\entryability\EntryAbility.ets:10","setColorMode(colorMode: ConfigurationConstant.ColorMode): void@entry\src\main\ets\entryability\EntryAbility.ets:10","this","5.1.0(18)","setColorMode(colorMode: ConfigurationConstant.ColorMode): void"
"visibility?: Visibility","接口新增可选属性","harmonyos_api_changes/HarmonyOS_6.0.0(20)_Beta2.json","visibility","","'_' + item.visibility.toString() + '_' + margin.left.toString() + '_' + margin.top.toString() +","ArkTS","ohos_library\src\main\ets\components\FluidLayout.ets:165","visibility?: Visibility@ohos_library\src\main\ets\components\FluidLayout.ets:165","","6.0.0(20)","visibility?: Visibility"
"visibility?: number","接口新增可选属性","harmonyos_api_changes/HarmonyOS_6.0.1(21)_Beta1.json","visibility","","'_' + item.visibility.toString() + '_' + margin.left.toString() + '_' + margin.top.toString() +","ArkTS","ohos_library\src\main\ets\components\FluidLayout.ets:165","visibility?: number@ohos_library\src\main\ets\components\FluidLayout.ets:165","","6.0.1(21)","visibility?: number"
"windowStage: window.WindowStage","API跨平台权限变更","harmonyos_api_changes/HarmonyOS_6.0.1(21)_Release.json","windowStage","","windowStage.loadContent('pages/Index', (err) => {","ArkTS","entry\src\main\ets\entryability\EntryAbility.ets:25","windowStage: window.WindowStage@entry\src\main\ets\entryability\EntryAbility.ets:25","windowStage","6.0.1(21)","windowStage: window.WindowStage"
"windowStage?: window.WindowStage","新增API","harmonyos_api_changes/HarmonyOS_6.0.0(20)_Beta1.json","windowStage","","windowStage.loadContent('pages/Index', (err) => {","ArkTS","entry\src\main\ets\entryability\EntryAbility.ets:25","windowStage?: window.WindowStage@entry\src\main\ets\entryability\EntryAbility.ets:25","windowStage","6.0.0(20)","windowStage?: window.WindowStage"
