API名称,语言,SDK变更版本,影响版本,标题,代码位置,修复状态,变更类型
declare const Button: ButtonInterface,ArkTS,5.1.0(18) Release,5.1.0(18) - 26.0.0(26.0.0),"=HYPERLINK(""https://developer.huawei.com/consumer/cn/doc/harmonyos-releases/changelogs-ux-5101/#section174"",""按钮默认值变更为新增圆角矩形类型"")",entry\src\main\ets\pages\Index.ets:176,未修复,UX视觉布局变更
declare const Button: ButtonInterface,ArkTS,5.1.0(18) Release,5.1.0(18) - 26.0.0(26.0.0),"=HYPERLINK(""https://developer.huawei.com/consumer/cn/doc/harmonyos-releases/changelogs-ux-5101/#section174"",""按钮默认值变更为新增圆角矩形类型"")",entry\src\main\ets\pages\Index.ets:255,未修复,UX视觉布局变更
declare const Button: ButtonInterface,ArkTS,5.1.0(18) Release,5.1.0(18) - 26.0.0(26.0.0),"=HYPERLINK(""https://developer.huawei.com/consumer/cn/doc/harmonyos-releases/changelogs-ux-5101/#section174"",""按钮默认值变更为新增圆角矩形类型"")",entry\src\main\ets\pages\Index.ets:271,未修复,UX视觉布局变更
declare const Button: ButtonInterface,ArkTS,5.1.0(18) Release,5.1.0(18) - 26.0.0(26.0.0),"=HYPERLINK(""https://developer.huawei.com/consumer/cn/doc/harmonyos-releases/changelogs-ux-5101/#section174"",""按钮默认值变更为新增圆角矩形类型"")",entry\src\main\ets\pages\Index.ets:281,未修复,UX视觉布局变更
declare const Button: ButtonInterface,ArkTS,5.1.0(18) Release,5.1.0(18) - 26.0.0(26.0.0),"=HYPERLINK(""https://developer.huawei.com/consumer/cn/doc/harmonyos-releases/changelogs-ux-5101/#section174"",""按钮默认值变更为新增圆角矩形类型"")",entry\src\main\ets\pages\Index.ets:291,未修复,UX视觉布局变更
declare const Button: ButtonInterface,ArkTS,5.1.0(18) Release,5.1.0(18) - 26.0.0(26.0.0),"=HYPERLINK(""https://developer.huawei.com/consumer/cn/doc/harmonyos-releases/changelogs-ux-5101/#section174"",""按钮默认值变更为新增圆角矩形类型"")",entry\src\main\ets\pages\Index.ets:305,未修复,UX视觉布局变更
interface LongPressGestureInterface extends GestureInterface<LongPressGestureInterface>,ArkTS,5.1.0(18) Release,ALL,"=HYPERLINK(""https://developer.huawei.com/consumer/cn/doc/harmonyos-releases/changelogs-for-all-apps-5101/#ch2025042447120"",""ArkUI双指长按行为变更"")",entry\src\main\ets\pages\Index.ets:134,未修复,接口行为变更
interface LongPressGestureInterface extends GestureInterface<LongPressGestureInterface>,ArkTS,5.1.0(18) Release,ALL,"=HYPERLINK(""https://developer.huawei.com/consumer/cn/doc/harmonyos-releases/changelogs-for-all-apps-5101/#ch2025042447120"",""ArkUI双指长按行为变更"")",entry\src\main\ets\pages\Index.ets:148,未修复,接口行为变更
(value?: { fingers?: number; repeat?: boolean; duration?: number }): LongPressGestureInterface,ArkTS,5.1.0(18) Release,ALL,"=HYPERLINK(""https://developer.huawei.com/consumer/cn/doc/harmonyos-releases/changelogs-for-all-apps-5101/#ch2025042447120"",""ArkUI双指长按行为变更"")",entry\src\main\ets\pages\Index.ets:134,未修复,接口行为变更
fontWeight(value: number | FontWeight | string): TextAttribute,ArkTS,6.0.0(20) Beta1,ALL,"=HYPERLINK(""https://developer.huawei.com/consumer/cn/doc/harmonyos-releases/changelogs-for-all-apps-6001/#section383"",""文本与输入、信息展示、按钮与选择、滚动与滑动、图形绘制组件接口支持Resource类型"")",entry\src\main\ets\pages\Index.ets:119,未修复,接口定义变更
fontWeight(value: number | FontWeight | string): TextAttribute,ArkTS,6.0.0(20) Beta1,ALL,"=HYPERLINK(""https://developer.huawei.com/consumer/cn/doc/harmonyos-releases/changelogs-for-all-apps-6001/#section383"",""文本与输入、信息展示、按钮与选择、滚动与滑动、图形绘制组件接口支持Resource类型"")",entry\src\main\ets\pages\Index.ets:159,未修复,接口定义变更
fontWeight(value: number | FontWeight | string): TextAttribute,ArkTS,6.0.0(20) Beta1,ALL,"=HYPERLINK(""https://developer.huawei.com/consumer/cn/doc/harmonyos-releases/changelogs-for-all-apps-6001/#section383"",""文本与输入、信息展示、按钮与选择、滚动与滑动、图形绘制组件接口支持Resource类型"")",entry\src\main\ets\pages\Index.ets:318,未修复,接口定义变更
function showToast(options: ShowToastOptions): void,ArkTS,7.0.0(26) Beta1,26.0.0 - 26.0.0(26.0.0),"=HYPERLINK(""https://developer.huawei.com/consumer/cn/doc/harmonyos-releases/changelogs-ux-7001/#ch2026032761266"",""Dialog、Toast、AlphabetIndexer和文本选择菜单默认开启沉浸式系统材质"")",entry\src\main\ets\pages\Index.ets:110,未修复,UX视觉布局变更
declare const Text: TextInterface,ArkTS,7.0.0(26) Beta1,26.0.0 - 26.0.0(26.0.0),"=HYPERLINK(""https://developer.huawei.com/consumer/cn/doc/harmonyos-releases/changelogs-ux-7001/#ch2026032761266"",""Dialog、Toast、AlphabetIndexer和文本选择菜单默认开启沉浸式系统材质"")",entry\src\main\ets\pages\Index.ets:117,未修复,UX视觉布局变更
declare const Text: TextInterface,ArkTS,7.0.0(26) Beta1,26.0.0 - 26.0.0(26.0.0),"=HYPERLINK(""https://developer.huawei.com/consumer/cn/doc/harmonyos-releases/changelogs-ux-7001/#ch2026032761266"",""Dialog、Toast、AlphabetIndexer和文本选择菜单默认开启沉浸式系统材质"")",entry\src\main\ets\pages\Index.ets:125,未修复,UX视觉布局变更
declare const Text: TextInterface,ArkTS,7.0.0(26) Beta1,26.0.0 - 26.0.0(26.0.0),"=HYPERLINK(""https://developer.huawei.com/consumer/cn/doc/harmonyos-releases/changelogs-ux-7001/#ch2026032761266"",""Dialog、Toast、AlphabetIndexer和文本选择菜单默认开启沉浸式系统材质"")",entry\src\main\ets\pages\Index.ets:157,未修复,UX视觉布局变更
declare const Text: TextInterface,ArkTS,7.0.0(26) Beta1,26.0.0 - 26.0.0(26.0.0),"=HYPERLINK(""https://developer.huawei.com/consumer/cn/doc/harmonyos-releases/changelogs-ux-7001/#ch2026032761266"",""Dialog、Toast、AlphabetIndexer和文本选择菜单默认开启沉浸式系统材质"")",entry\src\main\ets\pages\Index.ets:163,未修复,UX视觉布局变更
declare const Text: TextInterface,ArkTS,7.0.0(26) Beta1,26.0.0 - 26.0.0(26.0.0),"=HYPERLINK(""https://developer.huawei.com/consumer/cn/doc/harmonyos-releases/changelogs-ux-7001/#ch2026032761266"",""Dialog、Toast、AlphabetIndexer和文本选择菜单默认开启沉浸式系统材质"")",entry\src\main\ets\pages\Index.ets:169,未修复,UX视觉布局变更
declare const Text: TextInterface,ArkTS,7.0.0(26) Beta1,26.0.0 - 26.0.0(26.0.0),"=HYPERLINK(""https://developer.huawei.com/consumer/cn/doc/harmonyos-releases/changelogs-ux-7001/#ch2026032761266"",""Dialog、Toast、AlphabetIndexer和文本选择菜单默认开启沉浸式系统材质"")",entry\src\main\ets\pages\Index.ets:191,未修复,UX视觉布局变更
declare const Text: TextInterface,ArkTS,7.0.0(26) Beta1,26.0.0 - 26.0.0(26.0.0),"=HYPERLINK(""https://developer.huawei.com/consumer/cn/doc/harmonyos-releases/changelogs-ux-7001/#ch2026032761266"",""Dialog、Toast、AlphabetIndexer和文本选择菜单默认开启沉浸式系统材质"")",entry\src\main\ets\pages\Index.ets:195,未修复,UX视觉布局变更
declare const Text: TextInterface,ArkTS,7.0.0(26) Beta1,26.0.0 - 26.0.0(26.0.0),"=HYPERLINK(""https://developer.huawei.com/consumer/cn/doc/harmonyos-releases/changelogs-ux-7001/#ch2026032761266"",""Dialog、Toast、AlphabetIndexer和文本选择菜单默认开启沉浸式系统材质"")",entry\src\main\ets\pages\Index.ets:220,未修复,UX视觉布局变更
declare const Text: TextInterface,ArkTS,7.0.0(26) Beta1,26.0.0 - 26.0.0(26.0.0),"=HYPERLINK(""https://developer.huawei.com/consumer/cn/doc/harmonyos-releases/changelogs-ux-7001/#ch2026032761266"",""Dialog、Toast、AlphabetIndexer和文本选择菜单默认开启沉浸式系统材质"")",entry\src\main\ets\pages\Index.ets:224,未修复,UX视觉布局变更
declare const Text: TextInterface,ArkTS,7.0.0(26) Beta1,26.0.0 - 26.0.0(26.0.0),"=HYPERLINK(""https://developer.huawei.com/consumer/cn/doc/harmonyos-releases/changelogs-ux-7001/#ch2026032761266"",""Dialog、Toast、AlphabetIndexer和文本选择菜单默认开启沉浸式系统材质"")",entry\src\main\ets\pages\Index.ets:248,未修复,UX视觉布局变更
declare const Text: TextInterface,ArkTS,7.0.0(26) Beta1,26.0.0 - 26.0.0(26.0.0),"=HYPERLINK(""https://developer.huawei.com/consumer/cn/doc/harmonyos-releases/changelogs-ux-7001/#ch2026032761266"",""Dialog、Toast、AlphabetIndexer和文本选择菜单默认开启沉浸式系统材质"")",entry\src\main\ets\pages\Index.ets:316,未修复,UX视觉布局变更
declare const Text: TextInterface,ArkTS,7.0.0(26) Beta1,26.0.0 - 26.0.0(26.0.0),"=HYPERLINK(""https://developer.huawei.com/consumer/cn/doc/harmonyos-releases/changelogs-ux-7001/#ch2026032761266"",""Dialog、Toast、AlphabetIndexer和文本选择菜单默认开启沉浸式系统材质"")",entry\src\main\ets\pages\Index.ets:325,未修复,UX视觉布局变更
declare class CommonMethod<T>,ArkTS,7.0.0(26) Beta1,ALL,"=HYPERLINK(""https://developer.huawei.com/consumer/cn/doc/harmonyos-releases/changelogs-for-all-apps-7001/#ch2026010615012"",""ArkUI接口新增仅支持Stage模型的约束"")",entry\src\main\ets\pages\Index.ets:121,未修复,接口定义变更
declare class CommonMethod<T>,ArkTS,7.0.0(26) Beta1,ALL,"=HYPERLINK(""https://developer.huawei.com/consumer/cn/doc/harmonyos-releases/changelogs-for-all-apps-7001/#ch2026010615012"",""ArkUI接口新增仅支持Stage模型的约束"")",entry\src\main\ets\pages\Index.ets:123,未修复,接口定义变更
declare class CommonMethod<T>,ArkTS,7.0.0(26) Beta1,ALL,"=HYPERLINK(""https://developer.huawei.com/consumer/cn/doc/harmonyos-releases/changelogs-for-all-apps-7001/#ch2026010615012"",""ArkUI接口新增仅支持Stage模型的约束"")",entry\src\main\ets\pages\Index.ets:128,未修复,接口定义变更
declare class CommonMethod<T>,ArkTS,7.0.0(26) Beta1,ALL,"=HYPERLINK(""https://developer.huawei.com/consumer/cn/doc/harmonyos-releases/changelogs-for-all-apps-7001/#ch2026010615012"",""ArkUI接口新增仅支持Stage模型的约束"")",entry\src\main\ets\pages\Index.ets:130,未修复,接口定义变更
declare class CommonMethod<T>,ArkTS,7.0.0(26) Beta1,ALL,"=HYPERLINK(""https://developer.huawei.com/consumer/cn/doc/harmonyos-releases/changelogs-for-all-apps-7001/#ch2026010615012"",""ArkUI接口新增仅支持Stage模型的约束"")",entry\src\main\ets\pages\Index.ets:152,未修复,接口定义变更
declare class CommonMethod<T>,ArkTS,7.0.0(26) Beta1,ALL,"=HYPERLINK(""https://developer.huawei.com/consumer/cn/doc/harmonyos-releases/changelogs-for-all-apps-7001/#ch2026010615012"",""ArkUI接口新增仅支持Stage模型的约束"")",entry\src\main\ets\pages\Index.ets:153,未修复,接口定义变更
declare class CommonMethod<T>,ArkTS,7.0.0(26) Beta1,ALL,"=HYPERLINK(""https://developer.huawei.com/consumer/cn/doc/harmonyos-releases/changelogs-for-all-apps-7001/#ch2026010615012"",""ArkUI接口新增仅支持Stage模型的约束"")",entry\src\main\ets\pages\Index.ets:161,未修复,接口定义变更
declare class CommonMethod<T>,ArkTS,7.0.0(26) Beta1,ALL,"=HYPERLINK(""https://developer.huawei.com/consumer/cn/doc/harmonyos-releases/changelogs-for-all-apps-7001/#ch2026010615012"",""ArkUI接口新增仅支持Stage模型的约束"")",entry\src\main\ets\pages\Index.ets:166,未修复,接口定义变更
declare class CommonMethod<T>,ArkTS,7.0.0(26) Beta1,ALL,"=HYPERLINK(""https://developer.huawei.com/consumer/cn/doc/harmonyos-releases/changelogs-for-all-apps-7001/#ch2026010615012"",""ArkUI接口新增仅支持Stage模型的约束"")",entry\src\main\ets\pages\Index.ets:172,未修复,接口定义变更
declare class CommonMethod<T>,ArkTS,7.0.0(26) Beta1,ALL,"=HYPERLINK(""https://developer.huawei.com/consumer/cn/doc/harmonyos-releases/changelogs-for-all-apps-7001/#ch2026010615012"",""ArkUI接口新增仅支持Stage模型的约束"")",entry\src\main\ets\pages\Index.ets:173,未修复,接口定义变更
declare class CommonMethod<T>,ArkTS,7.0.0(26) Beta1,ALL,"=HYPERLINK(""https://developer.huawei.com/consumer/cn/doc/harmonyos-releases/changelogs-for-all-apps-7001/#ch2026010615012"",""ArkUI接口新增仅支持Stage模型的约束"")",entry\src\main\ets\pages\Index.ets:179,未修复,接口定义变更
declare class CommonMethod<T>,ArkTS,7.0.0(26) Beta1,ALL,"=HYPERLINK(""https://developer.huawei.com/consumer/cn/doc/harmonyos-releases/changelogs-for-all-apps-7001/#ch2026010615012"",""ArkUI接口新增仅支持Stage模型的约束"")",entry\src\main\ets\pages\Index.ets:180,未修复,接口定义变更
declare class CommonMethod<T>,ArkTS,7.0.0(26) Beta1,ALL,"=HYPERLINK(""https://developer.huawei.com/consumer/cn/doc/harmonyos-releases/changelogs-for-all-apps-7001/#ch2026010615012"",""ArkUI接口新增仅支持Stage模型的约束"")",entry\src\main\ets\pages\Index.ets:181,未修复,接口定义变更
declare class CommonMethod<T>,ArkTS,7.0.0(26) Beta1,ALL,"=HYPERLINK(""https://developer.huawei.com/consumer/cn/doc/harmonyos-releases/changelogs-for-all-apps-7001/#ch2026010615012"",""ArkUI接口新增仅支持Stage模型的约束"")",entry\src\main\ets\pages\Index.ets:183,未修复,接口定义变更
declare class CommonMethod<T>,ArkTS,7.0.0(26) Beta1,ALL,"=HYPERLINK(""https://developer.huawei.com/consumer/cn/doc/harmonyos-releases/changelogs-for-all-apps-7001/#ch2026010615012"",""ArkUI接口新增仅支持Stage模型的约束"")",entry\src\main\ets\pages\Index.ets:186,未修复,接口定义变更
declare class CommonMethod<T>,ArkTS,7.0.0(26) Beta1,ALL,"=HYPERLINK(""https://developer.huawei.com/consumer/cn/doc/harmonyos-releases/changelogs-for-all-apps-7001/#ch2026010615012"",""ArkUI接口新增仅支持Stage模型的约束"")",entry\src\main\ets\pages\Index.ets:187,未修复,接口定义变更
declare class CommonMethod<T>,ArkTS,7.0.0(26) Beta1,ALL,"=HYPERLINK(""https://developer.huawei.com/consumer/cn/doc/harmonyos-releases/changelogs-for-all-apps-7001/#ch2026010615012"",""ArkUI接口新增仅支持Stage模型的约束"")",entry\src\main\ets\pages\Index.ets:194,未修复,接口定义变更
declare class CommonMethod<T>,ArkTS,7.0.0(26) Beta1,ALL,"=HYPERLINK(""https://developer.huawei.com/consumer/cn/doc/harmonyos-releases/changelogs-for-all-apps-7001/#ch2026010615012"",""ArkUI接口新增仅支持Stage模型的约束"")",entry\src\main\ets\pages\Index.ets:198,未修复,接口定义变更
declare class CommonMethod<T>,ArkTS,7.0.0(26) Beta1,ALL,"=HYPERLINK(""https://developer.huawei.com/consumer/cn/doc/harmonyos-releases/changelogs-for-all-apps-7001/#ch2026010615012"",""ArkUI接口新增仅支持Stage模型的约束"")",entry\src\main\ets\pages\Index.ets:201,未修复,接口定义变更
declare class CommonMethod<T>,ArkTS,7.0.0(26) Beta1,ALL,"=HYPERLINK(""https://developer.huawei.com/consumer/cn/doc/harmonyos-releases/changelogs-for-all-apps-7001/#ch2026010615012"",""ArkUI接口新增仅支持Stage模型的约束"")",entry\src\main\ets\pages\Index.ets:203,未修复,接口定义变更
declare class CommonMethod<T>,ArkTS,7.0.0(26) Beta1,ALL,"=HYPERLINK(""https://developer.huawei.com/consumer/cn/doc/harmonyos-releases/changelogs-for-all-apps-7001/#ch2026010615012"",""ArkUI接口新增仅支持Stage模型的约束"")",entry\src\main\ets\pages\Index.ets:223,未修复,接口定义变更
declare class CommonMethod<T>,ArkTS,7.0.0(26) Beta1,ALL,"=HYPERLINK(""https://developer.huawei.com/consumer/cn/doc/harmonyos-releases/changelogs-for-all-apps-7001/#ch2026010615012"",""ArkUI接口新增仅支持Stage模型的约束"")",entry\src\main\ets\pages\Index.ets:227,未修复,接口定义变更
declare class CommonMethod<T>,ArkTS,7.0.0(26) Beta1,ALL,"=HYPERLINK(""https://developer.huawei.com/consumer/cn/doc/harmonyos-releases/changelogs-for-all-apps-7001/#ch2026010615012"",""ArkUI接口新增仅支持Stage模型的约束"")",entry\src\main\ets\pages\Index.ets:230,未修复,接口定义变更
declare class CommonMethod<T>,ArkTS,7.0.0(26) Beta1,ALL,"=HYPERLINK(""https://developer.huawei.com/consumer/cn/doc/harmonyos-releases/changelogs-for-all-apps-7001/#ch2026010615012"",""ArkUI接口新增仅支持Stage模型的约束"")",entry\src\main\ets\pages\Index.ets:232,未修复,接口定义变更
declare class CommonMethod<T>,ArkTS,7.0.0(26) Beta1,ALL,"=HYPERLINK(""https://developer.huawei.com/consumer/cn/doc/harmonyos-releases/changelogs-for-all-apps-7001/#ch2026010615012"",""ArkUI接口新增仅支持Stage模型的约束"")",entry\src\main\ets\pages\Index.ets:251,未修复,接口定义变更
declare class CommonMethod<T>,ArkTS,7.0.0(26) Beta1,ALL,"=HYPERLINK(""https://developer.huawei.com/consumer/cn/doc/harmonyos-releases/changelogs-for-all-apps-7001/#ch2026010615012"",""ArkUI接口新增仅支持Stage模型的约束"")",entry\src\main\ets\pages\Index.ets:252,未修复,接口定义变更
declare class CommonMethod<T>,ArkTS,7.0.0(26) Beta1,ALL,"=HYPERLINK(""https://developer.huawei.com/consumer/cn/doc/harmonyos-releases/changelogs-for-all-apps-7001/#ch2026010615012"",""ArkUI接口新增仅支持Stage模型的约束"")",entry\src\main\ets\pages\Index.ets:258,未修复,接口定义变更
declare class CommonMethod<T>,ArkTS,7.0.0(26) Beta1,ALL,"=HYPERLINK(""https://developer.huawei.com/consumer/cn/doc/harmonyos-releases/changelogs-for-all-apps-7001/#ch2026010615012"",""ArkUI接口新增仅支持Stage模型的约束"")",entry\src\main\ets\pages\Index.ets:259,未修复,接口定义变更
declare class CommonMethod<T>,ArkTS,7.0.0(26) Beta1,ALL,"=HYPERLINK(""https://developer.huawei.com/consumer/cn/doc/harmonyos-releases/changelogs-for-all-apps-7001/#ch2026010615012"",""ArkUI接口新增仅支持Stage模型的约束"")",entry\src\main\ets\pages\Index.ets:260,未修复,接口定义变更
declare class CommonMethod<T>,ArkTS,7.0.0(26) Beta1,ALL,"=HYPERLINK(""https://developer.huawei.com/consumer/cn/doc/harmonyos-releases/changelogs-for-all-apps-7001/#ch2026010615012"",""ArkUI接口新增仅支持Stage模型的约束"")",entry\src\main\ets\pages\Index.ets:261,未修复,接口定义变更
declare class CommonMethod<T>,ArkTS,7.0.0(26) Beta1,ALL,"=HYPERLINK(""https://developer.huawei.com/consumer/cn/doc/harmonyos-releases/changelogs-for-all-apps-7001/#ch2026010615012"",""ArkUI接口新增仅支持Stage模型的约束"")",entry\src\main\ets\pages\Index.ets:263,未修复,接口定义变更
declare class CommonMethod<T>,ArkTS,7.0.0(26) Beta1,ALL,"=HYPERLINK(""https://developer.huawei.com/consumer/cn/doc/harmonyos-releases/changelogs-for-all-apps-7001/#ch2026010615012"",""ArkUI接口新增仅支持Stage模型的约束"")",entry\src\main\ets\pages\Index.ets:266,未修复,接口定义变更
declare class CommonMethod<T>,ArkTS,7.0.0(26) Beta1,ALL,"=HYPERLINK(""https://developer.huawei.com/consumer/cn/doc/harmonyos-releases/changelogs-for-all-apps-7001/#ch2026010615012"",""ArkUI接口新增仅支持Stage模型的约束"")",entry\src\main\ets\pages\Index.ets:267,未修复,接口定义变更
declare class CommonMethod<T>,ArkTS,7.0.0(26) Beta1,ALL,"=HYPERLINK(""https://developer.huawei.com/consumer/cn/doc/harmonyos-releases/changelogs-for-all-apps-7001/#ch2026010615012"",""ArkUI接口新增仅支持Stage模型的约束"")",entry\src\main\ets\pages\Index.ets:274,未修复,接口定义变更
declare class CommonMethod<T>,ArkTS,7.0.0(26) Beta1,ALL,"=HYPERLINK(""https://developer.huawei.com/consumer/cn/doc/harmonyos-releases/changelogs-for-all-apps-7001/#ch2026010615012"",""ArkUI接口新增仅支持Stage模型的约束"")",entry\src\main\ets\pages\Index.ets:275,未修复,接口定义变更
declare class CommonMethod<T>,ArkTS,7.0.0(26) Beta1,ALL,"=HYPERLINK(""https://developer.huawei.com/consumer/cn/doc/harmonyos-releases/changelogs-for-all-apps-7001/#ch2026010615012"",""ArkUI接口新增仅支持Stage模型的约束"")",entry\src\main\ets\pages\Index.ets:276,未修复,接口定义变更
declare class CommonMethod<T>,ArkTS,7.0.0(26) Beta1,ALL,"=HYPERLINK(""https://developer.huawei.com/consumer/cn/doc/harmonyos-releases/changelogs-for-all-apps-7001/#ch2026010615012"",""ArkUI接口新增仅支持Stage模型的约束"")",entry\src\main\ets\pages\Index.ets:277,未修复,接口定义变更
declare class CommonMethod<T>,ArkTS,7.0.0(26) Beta1,ALL,"=HYPERLINK(""https://developer.huawei.com/consumer/cn/doc/harmonyos-releases/changelogs-for-all-apps-7001/#ch2026010615012"",""ArkUI接口新增仅支持Stage模型的约束"")",entry\src\main\ets\pages\Index.ets:279,未修复,接口定义变更
declare class CommonMethod<T>,ArkTS,7.0.0(26) Beta1,ALL,"=HYPERLINK(""https://developer.huawei.com/consumer/cn/doc/harmonyos-releases/changelogs-for-all-apps-7001/#ch2026010615012"",""ArkUI接口新增仅支持Stage模型的约束"")",entry\src\main\ets\pages\Index.ets:280,未修复,接口定义变更
declare class CommonMethod<T>,ArkTS,7.0.0(26) Beta1,ALL,"=HYPERLINK(""https://developer.huawei.com/consumer/cn/doc/harmonyos-releases/changelogs-for-all-apps-7001/#ch2026010615012"",""ArkUI接口新增仅支持Stage模型的约束"")",entry\src\main\ets\pages\Index.ets:284,未修复,接口定义变更
declare class CommonMethod<T>,ArkTS,7.0.0(26) Beta1,ALL,"=HYPERLINK(""https://developer.huawei.com/consumer/cn/doc/harmonyos-releases/changelogs-for-all-apps-7001/#ch2026010615012"",""ArkUI接口新增仅支持Stage模型的约束"")",entry\src\main\ets\pages\Index.ets:285,未修复,接口定义变更
declare class CommonMethod<T>,ArkTS,7.0.0(26) Beta1,ALL,"=HYPERLINK(""https://developer.huawei.com/consumer/cn/doc/harmonyos-releases/changelogs-for-all-apps-7001/#ch2026010615012"",""ArkUI接口新增仅支持Stage模型的约束"")",entry\src\main\ets\pages\Index.ets:286,未修复,接口定义变更
declare class CommonMethod<T>,ArkTS,7.0.0(26) Beta1,ALL,"=HYPERLINK(""https://developer.huawei.com/consumer/cn/doc/harmonyos-releases/changelogs-for-all-apps-7001/#ch2026010615012"",""ArkUI接口新增仅支持Stage模型的约束"")",entry\src\main\ets\pages\Index.ets:287,未修复,接口定义变更
declare class CommonMethod<T>,ArkTS,7.0.0(26) Beta1,ALL,"=HYPERLINK(""https://developer.huawei.com/consumer/cn/doc/harmonyos-releases/changelogs-for-all-apps-7001/#ch2026010615012"",""ArkUI接口新增仅支持Stage模型的约束"")",entry\src\main\ets\pages\Index.ets:289,未修复,接口定义变更
declare class CommonMethod<T>,ArkTS,7.0.0(26) Beta1,ALL,"=HYPERLINK(""https://developer.huawei.com/consumer/cn/doc/harmonyos-releases/changelogs-for-all-apps-7001/#ch2026010615012"",""ArkUI接口新增仅支持Stage模型的约束"")",entry\src\main\ets\pages\Index.ets:290,未修复,接口定义变更
declare class CommonMethod<T>,ArkTS,7.0.0(26) Beta1,ALL,"=HYPERLINK(""https://developer.huawei.com/consumer/cn/doc/harmonyos-releases/changelogs-for-all-apps-7001/#ch2026010615012"",""ArkUI接口新增仅支持Stage模型的约束"")",entry\src\main\ets\pages\Index.ets:294,未修复,接口定义变更
declare class CommonMethod<T>,ArkTS,7.0.0(26) Beta1,ALL,"=HYPERLINK(""https://developer.huawei.com/consumer/cn/doc/harmonyos-releases/changelogs-for-all-apps-7001/#ch2026010615012"",""ArkUI接口新增仅支持Stage模型的约束"")",entry\src\main\ets\pages\Index.ets:295,未修复,接口定义变更
declare class CommonMethod<T>,ArkTS,7.0.0(26) Beta1,ALL,"=HYPERLINK(""https://developer.huawei.com/consumer/cn/doc/harmonyos-releases/changelogs-for-all-apps-7001/#ch2026010615012"",""ArkUI接口新增仅支持Stage模型的约束"")",entry\src\main\ets\pages\Index.ets:296,未修复,接口定义变更
declare class CommonMethod<T>,ArkTS,7.0.0(26) Beta1,ALL,"=HYPERLINK(""https://developer.huawei.com/consumer/cn/doc/harmonyos-releases/changelogs-for-all-apps-7001/#ch2026010615012"",""ArkUI接口新增仅支持Stage模型的约束"")",entry\src\main\ets\pages\Index.ets:297,未修复,接口定义变更
declare class CommonMethod<T>,ArkTS,7.0.0(26) Beta1,ALL,"=HYPERLINK(""https://developer.huawei.com/consumer/cn/doc/harmonyos-releases/changelogs-for-all-apps-7001/#ch2026010615012"",""ArkUI接口新增仅支持Stage模型的约束"")",entry\src\main\ets\pages\Index.ets:299,未修复,接口定义变更
declare class CommonMethod<T>,ArkTS,7.0.0(26) Beta1,ALL,"=HYPERLINK(""https://developer.huawei.com/consumer/cn/doc/harmonyos-releases/changelogs-for-all-apps-7001/#ch2026010615012"",""ArkUI接口新增仅支持Stage模型的约束"")",entry\src\main\ets\pages\Index.ets:300,未修复,接口定义变更
declare class CommonMethod<T>,ArkTS,7.0.0(26) Beta1,ALL,"=HYPERLINK(""https://developer.huawei.com/consumer/cn/doc/harmonyos-releases/changelogs-for-all-apps-7001/#ch2026010615012"",""ArkUI接口新增仅支持Stage模型的约束"")",entry\src\main\ets\pages\Index.ets:302,未修复,接口定义变更
declare class CommonMethod<T>,ArkTS,7.0.0(26) Beta1,ALL,"=HYPERLINK(""https://developer.huawei.com/consumer/cn/doc/harmonyos-releases/changelogs-for-all-apps-7001/#ch2026010615012"",""ArkUI接口新增仅支持Stage模型的约束"")",entry\src\main\ets\pages\Index.ets:303,未修复,接口定义变更
declare class CommonMethod<T>,ArkTS,7.0.0(26) Beta1,ALL,"=HYPERLINK(""https://developer.huawei.com/consumer/cn/doc/harmonyos-releases/changelogs-for-all-apps-7001/#ch2026010615012"",""ArkUI接口新增仅支持Stage模型的约束"")",entry\src\main\ets\pages\Index.ets:308,未修复,接口定义变更
declare class CommonMethod<T>,ArkTS,7.0.0(26) Beta1,ALL,"=HYPERLINK(""https://developer.huawei.com/consumer/cn/doc/harmonyos-releases/changelogs-for-all-apps-7001/#ch2026010615012"",""ArkUI接口新增仅支持Stage模型的约束"")",entry\src\main\ets\pages\Index.ets:309,未修复,接口定义变更
declare class CommonMethod<T>,ArkTS,7.0.0(26) Beta1,ALL,"=HYPERLINK(""https://developer.huawei.com/consumer/cn/doc/harmonyos-releases/changelogs-for-all-apps-7001/#ch2026010615012"",""ArkUI接口新增仅支持Stage模型的约束"")",entry\src\main\ets\pages\Index.ets:310,未修复,接口定义变更
declare class CommonMethod<T>,ArkTS,7.0.0(26) Beta1,ALL,"=HYPERLINK(""https://developer.huawei.com/consumer/cn/doc/harmonyos-releases/changelogs-for-all-apps-7001/#ch2026010615012"",""ArkUI接口新增仅支持Stage模型的约束"")",entry\src\main\ets\pages\Index.ets:312,未修复,接口定义变更
declare class CommonMethod<T>,ArkTS,7.0.0(26) Beta1,ALL,"=HYPERLINK(""https://developer.huawei.com/consumer/cn/doc/harmonyos-releases/changelogs-for-all-apps-7001/#ch2026010615012"",""ArkUI接口新增仅支持Stage模型的约束"")",entry\src\main\ets\pages\Index.ets:313,未修复,接口定义变更
declare class CommonMethod<T>,ArkTS,7.0.0(26) Beta1,ALL,"=HYPERLINK(""https://developer.huawei.com/consumer/cn/doc/harmonyos-releases/changelogs-for-all-apps-7001/#ch2026010615012"",""ArkUI接口新增仅支持Stage模型的约束"")",entry\src\main\ets\pages\Index.ets:320,未修复,接口定义变更
declare class CommonMethod<T>,ArkTS,7.0.0(26) Beta1,ALL,"=HYPERLINK(""https://developer.huawei.com/consumer/cn/doc/harmonyos-releases/changelogs-for-all-apps-7001/#ch2026010615012"",""ArkUI接口新增仅支持Stage模型的约束"")",entry\src\main\ets\pages\Index.ets:321,未修复,接口定义变更
declare class CommonMethod<T>,ArkTS,7.0.0(26) Beta1,ALL,"=HYPERLINK(""https://developer.huawei.com/consumer/cn/doc/harmonyos-releases/changelogs-for-all-apps-7001/#ch2026010615012"",""ArkUI接口新增仅支持Stage模型的约束"")",entry\src\main\ets\pages\Index.ets:328,未修复,接口定义变更
declare class CommonMethod<T>,ArkTS,7.0.0(26) Beta1,ALL,"=HYPERLINK(""https://developer.huawei.com/consumer/cn/doc/harmonyos-releases/changelogs-for-all-apps-7001/#ch2026010615012"",""ArkUI接口新增仅支持Stage模型的约束"")",entry\src\main\ets\pages\Index.ets:329,未修复,接口定义变更
declare class CommonMethod<T>,ArkTS,7.0.0(26) Beta1,ALL,"=HYPERLINK(""https://developer.huawei.com/consumer/cn/doc/harmonyos-releases/changelogs-for-all-apps-7001/#ch2026010615012"",""ArkUI接口新增仅支持Stage模型的约束"")",entry\src\main\ets\pages\Index.ets:332,未修复,接口定义变更
declare class CommonMethod<T>,ArkTS,7.0.0(26) Beta1,ALL,"=HYPERLINK(""https://developer.huawei.com/consumer/cn/doc/harmonyos-releases/changelogs-for-all-apps-7001/#ch2026010615012"",""ArkUI接口新增仅支持Stage模型的约束"")",entry\src\main\ets\pages\Index.ets:335,未修复,接口定义变更
declare class CommonMethod<T>,ArkTS,7.0.0(26) Beta1,ALL,"=HYPERLINK(""https://developer.huawei.com/consumer/cn/doc/harmonyos-releases/changelogs-for-all-apps-7001/#ch2026010615012"",""ArkUI接口新增仅支持Stage模型的约束"")",entry\src\main\ets\pages\Index.ets:336,未修复,接口定义变更
declare class CommonMethod<T>,ArkTS,7.0.0(26) Beta1,ALL,"=HYPERLINK(""https://developer.huawei.com/consumer/cn/doc/harmonyos-releases/changelogs-for-all-apps-7001/#ch2026010615012"",""ArkUI接口新增仅支持Stage模型的约束"")",entry\src\main\ets\pages\Index.ets:337,未修复,接口定义变更
declare class CommonMethod<T>,ArkTS,7.0.0(26) Beta1,ALL,"=HYPERLINK(""https://developer.huawei.com/consumer/cn/doc/harmonyos-releases/changelogs-for-all-apps-7001/#ch2026010615012"",""ArkUI接口新增仅支持Stage模型的约束"")",entry\src\main\ets\pages\Index.ets:338,未修复,接口定义变更
declare class CommonMethod<T>,ArkTS,7.0.0(26) Beta1,ALL,"=HYPERLINK(""https://developer.huawei.com/consumer/cn/doc/harmonyos-releases/changelogs-for-all-apps-7001/#ch2026010615012"",""ArkUI接口新增仅支持Stage模型的约束"")",entry\src\main\ets\pages\Index.ets:339,未修复,接口定义变更
declare class CommonMethod<T>,ArkTS,7.0.0(26) Beta1,ALL,"=HYPERLINK(""https://developer.huawei.com/consumer/cn/doc/harmonyos-releases/changelogs-for-all-apps-7001/#ch2026010615012"",""ArkUI接口新增仅支持Stage模型的约束"")",entry\src\main\ets\pages\Index.ets:343,未修复,接口定义变更
declare class CommonMethod<T>,ArkTS,7.0.0(26) Beta1,ALL,"=HYPERLINK(""https://developer.huawei.com/consumer/cn/doc/harmonyos-releases/changelogs-for-all-apps-7001/#ch2026010615012"",""ArkUI接口新增仅支持Stage模型的约束"")",entry\src\main\ets\pages\Index.ets:344,未修复,接口定义变更
declare class CommonMethod<T>,ArkTS,7.0.0(26) Beta1,ALL,"=HYPERLINK(""https://developer.huawei.com/consumer/cn/doc/harmonyos-releases/changelogs-for-all-apps-7001/#ch2026010615012"",""ArkUI接口新增仅支持Stage模型的约束"")",entry\src\main\ets\pages\Index.ets:345,未修复,接口定义变更
declare class CommonMethod<T>,ArkTS,7.0.0(26) Beta1,ALL,"=HYPERLINK(""https://developer.huawei.com/consumer/cn/doc/harmonyos-releases/changelogs-for-all-apps-7001/#ch2026010615012"",""ArkUI接口新增仅支持Stage模型的约束"")",entry\src\main\ets\pages\Index.ets:346,未修复,接口定义变更
declare const Slider: SliderInterface,ArkTS,7.0.0(26) Beta1,26.0.0 - 26.0.0(26.0.0),"=HYPERLINK(""https://developer.huawei.com/consumer/cn/doc/harmonyos-releases/changelogs-ux-7001/#ch2026032801249"",""内置文本的组件文本样式优化"")",entry\src\main\ets\pages\Index.ets:202,未修复,UX视觉布局变更
declare const Slider: SliderInterface,ArkTS,7.0.0(26) Beta1,26.0.0 - 26.0.0(26.0.0),"=HYPERLINK(""https://developer.huawei.com/consumer/cn/doc/harmonyos-releases/changelogs-ux-7001/#ch2026032801249"",""内置文本的组件文本样式优化"")",entry\src\main\ets\pages\Index.ets:231,未修复,UX视觉布局变更
function showToast(options: ShowToastOptions): void,ArkTS,7.0.0(26) Beta1,26.0.0 - 26.0.0(26.0.0),"=HYPERLINK(""https://developer.huawei.com/consumer/cn/doc/harmonyos-releases/changelogs-ux-7001/#ch2026032801249"",""内置文本的组件文本样式优化"")",entry\src\main\ets\pages\Index.ets:110,未修复,UX视觉布局变更
declare const Button: ButtonInterface,ArkTS,7.0.0(26) Beta1,26.0.0 - 26.0.0(26.0.0),"=HYPERLINK(""https://developer.huawei.com/consumer/cn/doc/harmonyos-releases/changelogs-ux-7001/#ch2026032801249"",""内置文本的组件文本样式优化"")",entry\src\main\ets\pages\Index.ets:176,未修复,UX视觉布局变更
declare const Button: ButtonInterface,ArkTS,7.0.0(26) Beta1,26.0.0 - 26.0.0(26.0.0),"=HYPERLINK(""https://developer.huawei.com/consumer/cn/doc/harmonyos-releases/changelogs-ux-7001/#ch2026032801249"",""内置文本的组件文本样式优化"")",entry\src\main\ets\pages\Index.ets:255,未修复,UX视觉布局变更
declare const Button: ButtonInterface,ArkTS,7.0.0(26) Beta1,26.0.0 - 26.0.0(26.0.0),"=HYPERLINK(""https://developer.huawei.com/consumer/cn/doc/harmonyos-releases/changelogs-ux-7001/#ch2026032801249"",""内置文本的组件文本样式优化"")",entry\src\main\ets\pages\Index.ets:271,未修复,UX视觉布局变更
declare const Button: ButtonInterface,ArkTS,7.0.0(26) Beta1,26.0.0 - 26.0.0(26.0.0),"=HYPERLINK(""https://developer.huawei.com/consumer/cn/doc/harmonyos-releases/changelogs-ux-7001/#ch2026032801249"",""内置文本的组件文本样式优化"")",entry\src\main\ets\pages\Index.ets:281,未修复,UX视觉布局变更
declare const Button: ButtonInterface,ArkTS,7.0.0(26) Beta1,26.0.0 - 26.0.0(26.0.0),"=HYPERLINK(""https://developer.huawei.com/consumer/cn/doc/harmonyos-releases/changelogs-ux-7001/#ch2026032801249"",""内置文本的组件文本样式优化"")",entry\src\main\ets\pages\Index.ets:291,未修复,UX视觉布局变更
declare const Button: ButtonInterface,ArkTS,7.0.0(26) Beta1,26.0.0 - 26.0.0(26.0.0),"=HYPERLINK(""https://developer.huawei.com/consumer/cn/doc/harmonyos-releases/changelogs-ux-7001/#ch2026032801249"",""内置文本的组件文本样式优化"")",entry\src\main\ets\pages\Index.ets:305,未修复,UX视觉布局变更
declare const Button: ButtonInterface,ArkTS,7.0.0(26) Beta1,26.0.0 - 26.0.0(26.0.0),"=HYPERLINK(""https://developer.huawei.com/consumer/cn/doc/harmonyos-releases/changelogs-ux-7001/#ch2026031846233"",""表单类组件触摸热区最小高度变更"")",entry\src\main\ets\pages\Index.ets:176,未修复,UX视觉布局变更
declare const Button: ButtonInterface,ArkTS,7.0.0(26) Beta1,26.0.0 - 26.0.0(26.0.0),"=HYPERLINK(""https://developer.huawei.com/consumer/cn/doc/harmonyos-releases/changelogs-ux-7001/#ch2026031846233"",""表单类组件触摸热区最小高度变更"")",entry\src\main\ets\pages\Index.ets:255,未修复,UX视觉布局变更
declare const Button: ButtonInterface,ArkTS,7.0.0(26) Beta1,26.0.0 - 26.0.0(26.0.0),"=HYPERLINK(""https://developer.huawei.com/consumer/cn/doc/harmonyos-releases/changelogs-ux-7001/#ch2026031846233"",""表单类组件触摸热区最小高度变更"")",entry\src\main\ets\pages\Index.ets:271,未修复,UX视觉布局变更
declare const Button: ButtonInterface,ArkTS,7.0.0(26) Beta1,26.0.0 - 26.0.0(26.0.0),"=HYPERLINK(""https://developer.huawei.com/consumer/cn/doc/harmonyos-releases/changelogs-ux-7001/#ch2026031846233"",""表单类组件触摸热区最小高度变更"")",entry\src\main\ets\pages\Index.ets:281,未修复,UX视觉布局变更
declare const Button: ButtonInterface,ArkTS,7.0.0(26) Beta1,26.0.0 - 26.0.0(26.0.0),"=HYPERLINK(""https://developer.huawei.com/consumer/cn/doc/harmonyos-releases/changelogs-ux-7001/#ch2026031846233"",""表单类组件触摸热区最小高度变更"")",entry\src\main\ets\pages\Index.ets:291,未修复,UX视觉布局变更
declare const Button: ButtonInterface,ArkTS,7.0.0(26) Beta1,26.0.0 - 26.0.0(26.0.0),"=HYPERLINK(""https://developer.huawei.com/consumer/cn/doc/harmonyos-releases/changelogs-ux-7001/#ch2026031846233"",""表单类组件触摸热区最小高度变更"")",entry\src\main\ets\pages\Index.ets:305,未修复,UX视觉布局变更
